Date,Product_Category,Sales_Volume,Price,Promotion,Store_Location,Weekday,Supplier_Cost,Replenishment_Lead_Time,Stock_Level,Product,Category,Monsoon_Month,Festival_Month,Year,Month,Quarter
2022-01-03,Dairy,455.0,4.867987326502611,0,Rural,0,13.302264839521472,9,245,Milkmaid (Dairy),Dairy,0,0,2022,1,1
2022-01-06,Snacks,1256.0,19.25483047825256,1,Urban,3,13.013454054703644,1,245,Maggi (Snacks),Snacks,0,0,2022,1,1
2022-01-07,Dairy,987.0,8.902239956791874,0,Suburban,4,13.34835481204152,7,356,Milkmaid (Dairy),Dairy,0,0,2022,1,1
2022-01-08,Dairy,1928.0,17.07866054836194,0,Rural,5,3.351476981817901,4,201,Milkmaid (Dairy),Dairy,0,0,2022,1,1
2022-01-09,Dairy,1963.0,12.946531545912958,1,Rural,6,11.19267824367482,5,63,Milkmaid (Dairy),Dairy,0,0,2022,1,1
2022-01-12,Dairy,1108.0,10.592052755967336,0,Rural,2,14.95994954860224,1,475,Milkmaid (Dairy),Dairy,0,0,2022,1,1
2022-01-14,Snacks,1922.0,10.765921488365777,0,Suburban,4,13.511805053968512,2,260,Maggi (Snacks),Snacks,0,0,2022,1,1
2022-01-16,Snacks,1113.0,1.558494469373639,0,Suburban,6,14.614047977889909,2,259,Maggi (Snacks),Snacks,0,0,2022,1,1
2022-01-19,Beverages,1585.0,12.356747739861422,1,Urban,2,1.4047139946750198,9,393,Nescafé (Beverages),Beverages,0,0,2022,1,1
2022-01-21,Snacks,1420.0,13.445177437810065,0,Suburban,4,1.4717397973925446,6,148,Maggi (Snacks),Snacks,0,0,2022,1,1
2022-01-24,Beverages,1530.0,7.823869563658398,1,Urban,0,12.861937608066572,3,178,Nescafé (Beverages),Beverages,0,0,2022,1,1
2022-01-25,Beverages,1892.0,8.293095885488128,1,Suburban,1,14.100495855791468,7,384,Nescafé (Beverages),Beverages,0,0,2022,1,1
2022-01-26,Dairy,913.0,9.85044333338472,1,Suburban,2,1.7340005487368877,5,337,Milkmaid (Dairy),Dairy,0,0,2022,1,1
2022-01-27,Dairy,1736.0,16.883963211842982,0,Urban,3,6.091165091443334,3,301,Milkmaid (Dairy),Dairy,0,0,2022,1,1
2022-01-28,Snacks,1528.0,5.480049785224987,1,Rural,4,1.5300058911380308,1,314,Maggi (Snacks),Snacks,0,0,2022,1,1
2022-01-31,Dairy,519.0,12.435252289578164,0,Rural,0,7.302054560189891,2,457,Milkmaid (Dairy),Dairy,0,0,2022,1,1
2022-02-03,Beverages,924.0,10.739688898910298,1,Urban,3,2.928620791864562,8,263,Nescafé (Beverages),Beverages,0,0,2022,2,1
2022-02-04,Dairy,1124.0,8.847592318306244,1,Suburban,4,2.6354956715053186,3,332,Milkmaid (Dairy),Dairy,0,0,2022,2,1
2022-02-06,Dairy,666.0,9.306142387519705,0,Urban,6,11.509741350317867,4,414,Milkmaid (Dairy),Dairy,0,0,2022,2,1
2022-02-08,Beverages,1035.0,8.69539518252611,0,Suburban,1,6.876237054364673,1,197,Nescafé (Beverages),Beverages,0,0,2022,2,1
2022-02-09,Snacks,760.0,12.265449596803856,1,Urban,2,4.53634298410852,2,370,Maggi (Snacks),Snacks,0,0,2022,2,1
2022-02-11,Beverages,1068.0,13.589804301158086,1,Urban,4,5.230681811596629,2,482,Nescafé (Beverages),Beverages,0,0,2022,2,1
2022-02-13,Snacks,1260.0,13.39034166507832,1,Rural,6,3.871336887013552,7,178,Maggi (Snacks),Snacks,0,0,2022,2,1
2022-02-14,Snacks,301.0,6.930813077232495,1,Rural,0,2.3803451842514125,3,59,Maggi (Snacks),Snacks,0,0,2022,2,1
2022-02-15,Beverages,1559.0,8.58187297660511,0,Urban,1,4.218714384743107,9,96,Nescafé (Beverages),Beverages,0,0,2022,2,1
2022-02-16,Snacks,412.0,17.30173882453141,0,Rural,2,5.652136352871372,6,428,Maggi (Snacks),Snacks,0,0,2022,2,1
2022-02-18,Snacks,1789.0,12.179840033471503,1,Rural,4,1.407190212182048,9,145,Maggi (Snacks),Snacks,0,0,2022,2,1
2022-02-24,Dairy,1725.0,9.398463101874292,0,Rural,3,2.7464170115799185,7,417,Milkmaid (Dairy),Dairy,0,0,2022,2,1
2022-02-25,Beverages,174.0,7.286897896794267,1,Suburban,4,1.6996841164637535,2,479,Nescafé (Beverages),Beverages,0,0,2022,2,1
2022-02-27,Snacks,485.0,13.718417627727865,0,Urban,6,4.885082913538778,9,76,Maggi (Snacks),Snacks,0,0,2022,2,1
2022-03-01,Snacks,574.0,9.539242869061017,0,Rural,1,12.155170912010387,5,67,Maggi (Snacks),Snacks,0,0,2022,3,1
2022-03-02,Snacks,517.0,12.169803051097352,0,Suburban,2,2.488653078214776,6,216,Maggi (Snacks),Snacks,0,0,2022,3,1
2022-03-05,Snacks,739.0,7.825764210408666,0,Urban,5,2.589142397191394,9,477,Maggi (Snacks),Snacks,0,0,2022,3,1
2022-03-06,Snacks,1038.0,8.207813208526051,1,Urban,6,9.547978040170245,4,121,Maggi (Snacks),Snacks,0,0,2022,3,1
2022-03-08,Snacks,975.0,7.777909007760032,1,Rural,1,7.573597618888181,8,303,Maggi (Snacks),Snacks,0,0,2022,3,1
2022-03-09,Snacks,862.0,11.136726580694216,1,Rural,2,1.6929487020173972,4,211,Maggi (Snacks),Snacks,0,0,2022,3,1
2022-03-12,Beverages,763.0,9.481004283739123,0,Urban,5,12.424527562187638,8,451,Nescafé (Beverages),Beverages,0,0,2022,3,1
2022-03-15,Snacks,809.0,11.258210950542038,0,Rural,1,7.147255649905851,4,442,Maggi (Snacks),Snacks,0,0,2022,3,1
2022-03-17,Snacks,1979.0,19.74716662678607,0,Urban,3,8.827169838808059,3,249,Maggi (Snacks),Snacks,0,0,2022,3,1
2022-03-18,Beverages,1284.0,3.3364453620629075,0,Urban,4,10.174578889315626,9,304,Nescafé (Beverages),Beverages,0,0,2022,3,1
2022-03-23,Beverages,761.0,4.420198311981746,1,Urban,2,12.6815671373684,4,447,Nescafé (Beverages),Beverages,0,0,2022,3,1
2022-03-26,Beverages,1592.0,12.108743308409188,1,Suburban,5,5.886275308053463,4,53,Nescafé (Beverages),Beverages,0,0,2022,3,1
2022-03-27,Beverages,1172.0,14.075949451465313,0,Rural,6,3.329914499670431,9,216,Nescafé (Beverages),Beverages,0,0,2022,3,1
2022-03-28,Beverages,1066.0,8.55020078082362,0,Suburban,0,7.596191792395537,8,497,Nescafé (Beverages),Beverages,0,0,2022,3,1
2022-03-29,Beverages,948.0,10.118044550249392,1,Urban,1,11.253801051622611,3,458,Nescafé (Beverages),Beverages,0,0,2022,3,1
2022-03-31,Dairy,1484.0,1.330216013524113,0,Rural,3,7.506122518048193,5,253,Milkmaid (Dairy),Dairy,0,0,2022,3,1
2022-04-01,Dairy,788.0,7.139482484335293,0,Urban,4,12.654341105686107,3,243,Milkmaid (Dairy),Dairy,0,0,2022,4,2
2022-04-02,Beverages,247.0,19.488857213336583,0,Rural,5,5.740354796474202,5,284,Nescafé (Beverages),Beverages,0,0,2022,4,2
2022-04-03,Dairy,1753.0,12.022132364213894,0,Urban,6,12.96702278476886,4,255,Milkmaid (Dairy),Dairy,0,0,2022,4,2
2022-04-04,Dairy,441.0,5.830267018052372,1,Urban,0,6.398669613799991,8,199,Milkmaid (Dairy),Dairy,0,0,2022,4,2
2022-04-05,Beverages,575.0,10.912870886088047,0,Rural,1,5.259380032335922,5,208,Nescafé (Beverages),Beverages,0,0,2022,4,2
2022-04-06,Dairy,1186.0,7.510416274297391,1,Suburban,2,7.082853712395636,8,328,Milkmaid (Dairy),Dairy,0,0,2022,4,2
2022-04-08,Snacks,1483.0,3.389088724326328,1,Suburban,4,2.3270294040279174,4,453,Maggi (Snacks),Snacks,0,0,2022,4,2
2022-04-09,Snacks,660.0,3.5215784225662703,0,Urban,5,3.348078630144252,7,430,Maggi (Snacks),Snacks,0,0,2022,4,2
2022-04-10,Beverages,426.0,3.727304878748464,0,Urban,6,14.295949972114832,2,215,Nescafé (Beverages),Beverages,0,0,2022,4,2
2022-04-12,Beverages,1859.0,14.925079448485494,1,Urban,1,8.732046110000292,8,117,Nescafé (Beverages),Beverages,0,0,2022,4,2
2022-04-14,Snacks,1089.0,4.578632591546428,0,Suburban,3,7.599554699728549,7,266,Maggi (Snacks),Snacks,0,0,2022,4,2
2022-04-15,Beverages,314.0,14.88576002254665,1,Urban,4,9.84880610436387,8,50,Nescafé (Beverages),Beverages,0,0,2022,4,2
2022-04-17,Dairy,1051.0,5.456664573361745,1,Suburban,6,8.513602882762848,5,234,Milkmaid (Dairy),Dairy,0,0,2022,4,2
2022-04-19,Dairy,1441.0,5.850823969840205,1,Rural,1,10.09417526462324,3,189,Milkmaid (Dairy),Dairy,0,0,2022,4,2
2022-04-20,Dairy,131.0,13.571014657051789,0,Suburban,2,2.547741378910667,5,155,Milkmaid (Dairy),Dairy,0,0,2022,4,2
2022-04-21,Beverages,769.0,19.59399446061008,0,Urban,3,8.777722544172406,7,182,Nescafé (Beverages),Beverages,0,0,2022,4,2
2022-04-22,Dairy,384.0,8.11163857565606,1,Urban,4,3.1864201530581937,9,157,Milkmaid (Dairy),Dairy,0,0,2022,4,2
2022-04-24,Dairy,528.0,5.638798518025111,1,Rural,6,3.6712921046919567,4,347,Milkmaid (Dairy),Dairy,0,0,2022,4,2
2022-04-25,Beverages,1600.0,16.786666635492402,0,Suburban,0,3.151147808097848,7,407,Nescafé (Beverages),Beverages,0,0,2022,4,2
2022-04-27,Snacks,1267.0,15.601867925952034,0,Suburban,2,4.64275973108291,2,445,Maggi (Snacks),Snacks,0,0,2022,4,2
2022-04-28,Dairy,1547.0,3.149086562454888,1,Rural,3,13.943294837034514,9,408,Milkmaid (Dairy),Dairy,0,0,2022,4,2
2022-04-29,Beverages,1142.0,16.11469706223166,0,Rural,4,14.563934617505268,7,195,Nescafé (Beverages),Beverages,0,0,2022,4,2
2022-04-30,Snacks,117.0,18.45487814287658,0,Rural,5,8.78327681408791,7,499,Maggi (Snacks),Snacks,0,0,2022,4,2
2022-05-01,Snacks,868.0,12.411581308378484,1,Urban,6,2.573516278653033,6,123,Maggi (Snacks),Snacks,0,0,2022,5,2
2022-05-04,Dairy,1298.0,13.672458822827238,1,Rural,2,5.827165566107522,2,66,Milkmaid (Dairy),Dairy,0,0,2022,5,2
2022-05-05,Beverages,1109.0,11.966519497523215,0,Suburban,3,1.7617496653904368,6,245,Nescafé (Beverages),Beverages,0,0,2022,5,2
2022-05-11,Dairy,1345.0,19.87340180981394,0,Rural,2,3.697311819816883,8,211,Milkmaid (Dairy),Dairy,0,0,2022,5,2
2022-05-15,Dairy,1767.0,3.073083003549245,1,Suburban,6,4.317086524511162,7,228,Milkmaid (Dairy),Dairy,0,0,2022,5,2
2022-05-16,Dairy,1387.0,13.3597213080426,0,Rural,0,0.5094741660388435,3,431,Milkmaid (Dairy),Dairy,0,0,2022,5,2
2022-05-18,Snacks,154.0,18.587821786733524,1,Suburban,2,11.992624791532451,1,93,Maggi (Snacks),Snacks,0,0,2022,5,2
2022-05-19,Snacks,1994.0,9.325274581827763,1,Rural,3,9.59626955881483,3,320,Maggi (Snacks),Snacks,0,0,2022,5,2
2022-05-21,Beverages,899.0,17.679932021785223,1,Urban,5,2.704704227655131,4,375,Nescafé (Beverages),Beverages,0,0,2022,5,2
2022-05-28,Dairy,1599.0,12.97396621825374,0,Suburban,5,4.726183245660011,3,123,Milkmaid (Dairy),Dairy,0,0,2022,5,2
2022-05-29,Snacks,1923.0,12.586804304475196,1,Suburban,6,3.5093435749827,8,100,Maggi (Snacks),Snacks,0,0,2022,5,2
2022-05-31,Beverages,1514.0,8.227974380423156,1,Suburban,1,13.672301002250942,4,381,Nescafé (Beverages),Beverages,0,0,2022,5,2
2022-06-01,Beverages,1472.0,11.421494711378058,1,Rural,2,7.2870012863972065,3,142,Nescafé (Beverages),Beverages,0,0,2022,6,2
2022-06-02,Beverages,1131.0,12.33322402472301,1,Suburban,3,7.261341487627373,1,225,Nescafé (Beverages),Beverages,0,0,2022,6,2
2022-06-03,Beverages,932.0,11.368050881413994,0,Urban,4,11.528346815601594,7,194,Nescafé (Beverages),Beverages,0,0,2022,6,2
2022-06-04,Dairy,412.0,9.44396960227283,0,Urban,5,2.740136958071424,2,56,Milkmaid (Dairy),Dairy,0,0,2022,6,2
2022-06-05,Beverages,858.0,1.2786740838790125,0,Rural,6,7.565347634450736,4,318,Nescafé (Beverages),Beverages,0,0,2022,6,2
2022-06-08,Beverages,1890.0,13.208943409996602,1,Urban,2,14.99358669713136,8,53,Nescafé (Beverages),Beverages,0,0,2022,6,2
2022-06-09,Dairy,427.0,15.427542230534456,0,Urban,3,11.657008964189682,2,187,Milkmaid (Dairy),Dairy,0,0,2022,6,2
2022-06-10,Dairy,1177.0,10.508460873484088,1,Rural,4,6.269052693752694,7,280,Milkmaid (Dairy),Dairy,0,0,2022,6,2
2022-06-11,Beverages,860.0,11.304909634615028,1,Urban,5,12.49951925797368,6,137,Nescafé (Beverages),Beverages,0,0,2022,6,2
2022-06-13,Beverages,1352.0,17.09617986607891,1,Urban,0,0.9417234514799218,7,101,Nescafé (Beverages),Beverages,0,0,2022,6,2
2022-06-14,Dairy,678.0,18.370493803077927,0,Urban,1,3.4645014007319594,1,183,Milkmaid (Dairy),Dairy,0,0,2022,6,2
2022-06-15,Snacks,1174.0,16.46155947807214,1,Suburban,2,5.4359675636567655,8,260,Maggi (Snacks),Snacks,0,0,2022,6,2
2022-06-17,Dairy,1727.0,3.8308452634336994,1,Urban,4,9.419372537847398,2,442,Milkmaid (Dairy),Dairy,0,0,2022,6,2
2022-06-18,Beverages,1106.0,11.005852148110232,1,Rural,5,13.703782899609116,3,268,Nescafé (Beverages),Beverages,0,0,2022,6,2
2022-06-20,Beverages,1541.0,10.057214025782024,0,Rural,0,7.7684968470730755,3,260,Nescafé (Beverages),Beverages,0,0,2022,6,2
2022-06-21,Beverages,1926.0,8.492941152548653,0,Urban,1,1.2285236424332409,5,326,Nescafé (Beverages),Beverages,0,0,2022,6,2
2022-06-22,Snacks,195.0,11.438870530178614,0,Urban,2,1.0062175135152454,6,73,Maggi (Snacks),Snacks,0,0,2022,6,2
2022-06-25,Snacks,1411.0,10.903448517221353,0,Rural,5,12.66811572721433,8,492,Maggi (Snacks),Snacks,0,0,2022,6,2
2022-06-26,Dairy,1243.0,16.625474957524105,1,Rural,6,2.829853978321755,3,308,Milkmaid (Dairy),Dairy,0,0,2022,6,2
2022-06-27,Beverages,913.0,9.186379739222634,0,Rural,0,0.8620891006972191,4,373,Nescafé (Beverages),Beverages,0,0,2022,6,2
2022-06-29,Beverages,551.0,2.3543251310481144,1,Urban,2,3.9434390729077338,7,217,Nescafé (Beverages),Beverages,0,0,2022,6,2
2022-06-30,Beverages,1623.0,19.13854057063284,1,Rural,3,1.2194084134131429,9,225,Nescafé (Beverages),Beverages,0,0,2022,6,2
2022-07-01,Dairy,264.0,13.439168547195615,0,Rural,4,11.00667515929062,1,359,Milkmaid (Dairy),Dairy,1,0,2022,7,3
2022-07-02,Beverages,281.0,8.2214156698069,0,Suburban,5,2.118098499380088,8,340,Nescafé (Beverages),Beverages,1,0,2022,7,3
2022-07-03,Snacks,568.0,4.745928404884669,0,Rural,6,9.32063275011269,8,105,Maggi (Snacks),Snacks,1,0,2022,7,3
2022-07-04,Snacks,1009.0,10.104481359428398,1,Urban,0,4.575221377419893,6,157,Maggi (Snacks),Snacks,1,0,2022,7,3
2022-07-07,Beverages,1043.0,12.72968339084651,1,Urban,3,12.120963755232829,3,351,Nescafé (Beverages),Beverages,1,0,2022,7,3
2022-07-08,Beverages,106.0,10.938609767053908,0,Suburban,4,6.185356865116304,6,383,Nescafé (Beverages),Beverages,1,0,2022,7,3
2022-07-09,Dairy,429.0,13.731824657607891,0,Rural,5,11.386159913560308,8,190,Milkmaid (Dairy),Dairy,1,0,2022,7,3
2022-07-10,Snacks,874.0,18.6625116710178,0,Urban,6,2.319551303587685,7,204,Maggi (Snacks),Snacks,1,0,2022,7,3
2022-07-13,Snacks,1208.0,2.7029004439439,0,Urban,2,10.322200383388656,7,469,Maggi (Snacks),Snacks,1,0,2022,7,3
2022-07-15,Dairy,1747.0,8.598198929278968,1,Suburban,4,13.972598399569469,9,290,Milkmaid (Dairy),Dairy,1,0,2022,7,3
2022-07-16,Dairy,1504.0,19.557779534589,0,Urban,5,6.116176510642053,5,404,Milkmaid (Dairy),Dairy,1,0,2022,7,3
2022-07-17,Beverages,1014.0,16.640306296317547,0,Rural,6,1.4593952380993864,1,386,Nescafé (Beverages),Beverages,1,0,2022,7,3
2022-07-20,Snacks,799.0,17.328900072331194,1,Urban,2,8.108666746090766,5,126,Maggi (Snacks),Snacks,1,0,2022,7,3
2022-07-21,Dairy,181.0,16.195840813056414,1,Rural,3,11.741038751606764,9,229,Milkmaid (Dairy),Dairy,1,0,2022,7,3
2022-07-22,Beverages,613.0,4.507117461203627,0,Urban,4,3.899171200166963,1,115,Nescafé (Beverages),Beverages,1,0,2022,7,3
2022-07-23,Beverages,914.0,6.610287495185892,0,Rural,5,5.5037143099418895,3,357,Nescafé (Beverages),Beverages,1,0,2022,7,3
2022-07-25,Dairy,1646.0,4.519340484400784,0,Urban,0,14.441638706324628,3,220,Milkmaid (Dairy),Dairy,1,0,2022,7,3
2022-07-27,Dairy,1122.0,9.066021078730875,1,Suburban,2,14.03147377250994,3,416,Milkmaid (Dairy),Dairy,1,0,2022,7,3
2022-07-30,Dairy,570.0,8.096683977729365,0,Urban,5,10.338249540243249,8,372,Milkmaid (Dairy),Dairy,1,0,2022,7,3
2022-08-01,Dairy,495.0,3.1337825438131643,0,Rural,0,12.797583907726636,7,493,Milkmaid (Dairy),Dairy,1,0,2022,8,3
2022-08-02,Snacks,1655.0,1.0490962820546654,0,Rural,1,14.233841212053594,2,491,Maggi (Snacks),Snacks,1,0,2022,8,3
2022-08-03,Dairy,360.0,13.121718910072657,0,Suburban,2,13.330399206592062,2,445,Milkmaid (Dairy),Dairy,1,0,2022,8,3
2022-08-04,Dairy,904.0,10.7883282363409,1,Suburban,3,11.2164711511209,6,265,Milkmaid (Dairy),Dairy,1,0,2022,8,3
2022-08-07,Beverages,1857.0,13.285512355034342,0,Suburban,6,14.46872464646755,2,152,Nescafé (Beverages),Beverages,1,0,2022,8,3
2022-08-08,Beverages,1004.0,4.320695413720166,0,Urban,0,0.6491251910675344,4,88,Nescafé (Beverages),Beverages,1,0,2022,8,3
2022-08-09,Snacks,1349.0,7.854677863101396,1,Rural,1,10.882724612011096,7,62,Maggi (Snacks),Snacks,1,0,2022,8,3
2022-08-10,Beverages,1176.0,18.21193099096745,0,Rural,2,10.7405693570513,8,346,Nescafé (Beverages),Beverages,1,0,2022,8,3
2022-08-11,Dairy,1039.0,15.6289493047819,0,Urban,3,9.528998343772065,3,362,Milkmaid (Dairy),Dairy,1,0,2022,8,3
2022-08-13,Beverages,1623.0,5.857254958376174,0,Suburban,5,5.022251818574016,2,317,Nescafé (Beverages),Beverages,1,0,2022,8,3
2022-08-14,Beverages,1629.0,6.739149534861106,1,Urban,6,5.429592025002099,8,62,Nescafé (Beverages),Beverages,1,0,2022,8,3
2022-08-15,Snacks,953.0,14.907203284127055,0,Urban,0,1.6446213427250551,8,169,Maggi (Snacks),Snacks,1,0,2022,8,3
2022-08-16,Snacks,1487.0,17.172310956202644,1,Urban,1,6.920572979884193,4,402,Maggi (Snacks),Snacks,1,0,2022,8,3
2022-08-17,Dairy,1403.0,13.757068721081676,0,Rural,2,4.285203630405297,1,106,Milkmaid (Dairy),Dairy,1,0,2022,8,3
2022-08-19,Snacks,813.0,15.566466568807714,1,Urban,4,12.6012909587066,2,423,Maggi (Snacks),Snacks,1,0,2022,8,3
2022-08-20,Beverages,1281.0,3.8443753911821967,0,Urban,5,14.064525446148687,9,385,Nescafé (Beverages),Beverages,1,0,2022,8,3
2022-08-23,Beverages,1850.0,5.469476111237712,0,Urban,1,13.965143150673214,6,84,Nescafé (Beverages),Beverages,1,0,2022,8,3
2022-08-24,Snacks,227.0,17.515932868369998,1,Suburban,2,1.3962226799937285,7,308,Maggi (Snacks),Snacks,1,0,2022,8,3
2022-08-25,Beverages,835.0,9.98494734703046,0,Rural,3,1.8392276576149884,7,425,Nescafé (Beverages),Beverages,1,0,2022,8,3
2022-08-29,Dairy,625.0,5.374677200129529,1,Suburban,0,14.537107531035636,6,431,Milkmaid (Dairy),Dairy,1,0,2022,8,3
2022-08-30,Beverages,620.0,4.917537125850102,0,Urban,1,6.977360645248545,2,376,Nescafé (Beverages),Beverages,1,0,2022,8,3
2022-08-31,Beverages,651.0,13.121255073003432,1,Rural,2,7.772010425077412,1,166,Nescafé (Beverages),Beverages,1,0,2022,8,3
2022-09-01,Dairy,336.0,5.880793105268581,0,Rural,3,4.076549929178395,5,233,Milkmaid (Dairy),Dairy,0,0,2022,9,3
2022-09-02,Dairy,1404.0,13.00829423438795,0,Suburban,4,7.328923660303635,9,443,Milkmaid (Dairy),Dairy,0,0,2022,9,3
2022-09-03,Dairy,1482.0,2.110637668062524,0,Suburban,5,10.097747673236666,8,411,Milkmaid (Dairy),Dairy,0,0,2022,9,3
2022-09-05,Beverages,1881.0,6.216264826002382,1,Urban,0,11.43108719929374,5,211,Nescafé (Beverages),Beverages,0,0,2022,9,3
2022-09-07,Dairy,1358.0,13.840983656660145,1,Rural,2,13.61321673741093,6,249,Milkmaid (Dairy),Dairy,0,0,2022,9,3
2022-09-08,Beverages,593.0,9.411622368811017,1,Suburban,3,12.352413785938586,3,80,Nescafé (Beverages),Beverages,0,0,2022,9,3
2022-09-11,Dairy,541.0,1.3006007435460665,1,Suburban,6,0.599730452184915,1,376,Milkmaid (Dairy),Dairy,0,0,2022,9,3
2022-09-12,Beverages,128.0,7.4807104650101905,0,Rural,0,3.580485519334358,1,115,Nescafé (Beverages),Beverages,0,0,2022,9,3
2022-09-13,Dairy,1232.0,16.55543408526542,0,Rural,1,10.12109211174506,7,119,Milkmaid (Dairy),Dairy,0,0,2022,9,3
2022-09-14,Beverages,709.0,12.461168794054071,0,Rural,2,6.462363588796914,2,346,Nescafé (Beverages),Beverages,0,0,2022,9,3
2022-09-16,Snacks,904.0,18.204971054263805,1,Urban,4,13.326509879329398,5,465,Maggi (Snacks),Snacks,0,0,2022,9,3
2022-09-17,Snacks,174.0,15.679831821538269,1,Urban,5,13.485661297911662,7,69,Maggi (Snacks),Snacks,0,0,2022,9,3
2022-09-18,Snacks,937.0,6.033013497497935,0,Suburban,6,13.683041328776993,2,490,Maggi (Snacks),Snacks,0,0,2022,9,3
2022-09-19,Dairy,1269.0,13.26050691298862,0,Urban,0,5.051232109467896,6,275,Milkmaid (Dairy),Dairy,0,0,2022,9,3
2022-09-21,Beverages,1976.0,8.622570366740671,1,Urban,2,4.438681128478359,7,458,Nescafé (Beverages),Beverages,0,0,2022,9,3
2022-09-23,Beverages,1479.0,7.527649020738375,0,Urban,4,3.1771706315368538,5,248,Nescafé (Beverages),Beverages,0,0,2022,9,3
2022-09-25,Beverages,1033.0,9.405788793132722,1,Urban,6,6.734385486807415,4,194,Nescafé (Beverages),Beverages,0,0,2022,9,3
2022-09-28,Dairy,1800.0,2.3287005084792485,1,Suburban,2,11.156424787225966,5,375,Milkmaid (Dairy),Dairy,0,0,2022,9,3
2022-09-29,Beverages,1276.0,13.163196252735156,0,Urban,3,8.206096255744928,8,430,Nescafé (Beverages),Beverages,0,0,2022,9,3
2022-09-30,Beverages,1097.0,6.151801293503511,1,Suburban,4,4.675207468801891,9,456,Nescafé (Beverages),Beverages,0,0,2022,9,3
2022-10-02,Dairy,687.0,13.922506690965577,0,Urban,6,4.849160011766829,9,287,Milkmaid (Dairy),Dairy,0,1,2022,10,4
2022-10-03,Dairy,1722.0,5.3857545939262295,1,Suburban,0,9.143188350955436,2,119,Milkmaid (Dairy),Dairy,0,1,2022,10,4
2022-10-05,Dairy,1997.0,4.616172393562288,0,Urban,2,2.883880171643741,4,179,Milkmaid (Dairy),Dairy,0,1,2022,10,4
2022-10-06,Dairy,441.0,1.9944386399436576,1,Rural,3,2.1904545810576024,6,263,Milkmaid (Dairy),Dairy,0,1,2022,10,4
2022-10-07,Dairy,126.0,8.191052046231512,0,Suburban,4,8.427087390045887,6,389,Milkmaid (Dairy),Dairy,0,1,2022,10,4
2022-10-08,Snacks,1948.0,7.895941165073848,0,Urban,5,13.5849889826485,6,138,Maggi (Snacks),Snacks,0,1,2022,10,4
2022-10-10,Beverages,745.0,9.4806946727552,0,Suburban,0,11.128501554728036,7,301,Nescafé (Beverages),Beverages,0,1,2022,10,4
2022-10-12,Beverages,267.0,12.029025127616816,1,Rural,2,14.007546257487476,1,398,Nescafé (Beverages),Beverages,0,1,2022,10,4
2022-10-16,Dairy,920.0,15.341918578876108,1,Suburban,6,13.526603765468506,1,101,Milkmaid (Dairy),Dairy,0,1,2022,10,4
2022-10-18,Dairy,1005.0,8.780079207098874,1,Rural,1,5.238523234937772,8,327,Milkmaid (Dairy),Dairy,0,1,2022,10,4
2022-10-19,Beverages,1808.0,9.031093154527602,0,Rural,2,0.656760712710347,4,163,Nescafé (Beverages),Beverages,0,1,2022,10,4
2022-10-20,Beverages,1524.0,16.614322434120652,0,Suburban,3,12.484990575776232,4,288,Nescafé (Beverages),Beverages,0,1,2022,10,4
2022-10-25,Dairy,733.0,8.267999324636158,1,Urban,1,2.2212818848821163,4,422,Milkmaid (Dairy),Dairy,0,1,2022,10,4
2022-10-27,Beverages,1699.0,19.50912794393229,1,Rural,3,3.613090368218654,2,292,Nescafé (Beverages),Beverages,0,1,2022,10,4
2022-10-30,Beverages,1945.0,15.60339629098166,0,Urban,6,11.213566818428976,8,128,Nescafé (Beverages),Beverages,0,1,2022,10,4
2022-11-01,Dairy,1828.0,13.759610428647708,1,Suburban,1,10.05140576154182,1,172,Milkmaid (Dairy),Dairy,0,1,2022,11,4
2022-11-03,Beverages,792.0,5.883898062209518,0,Suburban,3,1.997342628688202,2,349,Nescafé (Beverages),Beverages,0,1,2022,11,4
2022-11-07,Beverages,128.0,10.629930204589169,0,Suburban,0,14.105578065444083,7,65,Nescafé (Beverages),Beverages,0,1,2022,11,4
2022-11-08,Dairy,248.0,4.026776391760626,0,Urban,1,12.371733327518736,1,359,Milkmaid (Dairy),Dairy,0,1,2022,11,4
2022-11-09,Snacks,1902.0,2.1990716285038534,0,Suburban,2,14.761724494448114,2,407,Maggi (Snacks),Snacks,0,1,2022,11,4
2022-11-10,Beverages,1419.0,3.2353315409976138,0,Urban,3,4.2652271647810025,7,212,Nescafé (Beverages),Beverages,0,1,2022,11,4
2022-11-11,Snacks,110.0,5.3197887018258765,1,Urban,4,14.560992675570668,6,147,Maggi (Snacks),Snacks,0,1,2022,11,4
2022-11-12,Snacks,1635.0,7.491815536041495,0,Suburban,5,6.752891111977589,3,205,Maggi (Snacks),Snacks,0,1,2022,11,4
2022-11-13,Dairy,775.0,8.237280984708757,0,Suburban,6,5.539022532049442,2,51,Milkmaid (Dairy),Dairy,0,1,2022,11,4
2022-11-14,Snacks,1236.0,7.580113603191068,1,Urban,0,1.230068141055622,4,399,Maggi (Snacks),Snacks,0,1,2022,11,4
2022-11-15,Snacks,286.0,5.542051311748047,0,Urban,1,1.265096238964238,3,446,Maggi (Snacks),Snacks,0,1,2022,11,4
2022-11-16,Dairy,906.0,10.684760688282264,0,Rural,2,10.534163211226494,7,218,Milkmaid (Dairy),Dairy,0,1,2022,11,4
2022-11-17,Snacks,843.0,16.680436056425037,0,Urban,3,7.139970419293404,8,364,Maggi (Snacks),Snacks,0,1,2022,11,4
2022-11-18,Snacks,1350.0,6.314367230958105,1,Rural,4,3.784563577523533,2,374,Maggi (Snacks),Snacks,0,1,2022,11,4
2022-11-19,Snacks,1433.0,18.905353362942428,0,Rural,5,9.402569441715873,7,424,Maggi (Snacks),Snacks,0,1,2022,11,4
2022-11-20,Beverages,197.0,17.593396572753107,1,Rural,6,4.166442714626612,8,141,Nescafé (Beverages),Beverages,0,1,2022,11,4
2022-11-21,Beverages,154.0,4.073520015690082,1,Suburban,0,8.875660437994128,6,230,Nescafé (Beverages),Beverages,0,1,2022,11,4
2022-11-22,Beverages,722.0,15.939243178384796,0,Suburban,1,5.70852683124901,6,280,Nescafé (Beverages),Beverages,0,1,2022,11,4
2022-11-23,Dairy,763.0,11.917160264037566,0,Urban,2,12.441507285871376,1,350,Milkmaid (Dairy),Dairy,0,1,2022,11,4
2022-11-25,Snacks,505.0,8.429812498105314,0,Suburban,4,7.421580772774819,1,329,Maggi (Snacks),Snacks,0,1,2022,11,4
2022-11-26,Snacks,168.0,10.521906984458186,1,Suburban,5,5.586877085357726,4,238,Maggi (Snacks),Snacks,0,1,2022,11,4
2022-11-27,Dairy,1435.0,8.54639677115501,0,Suburban,6,5.757117050106871,2,396,Milkmaid (Dairy),Dairy,0,1,2022,11,4
2022-11-28,Snacks,1412.0,11.254919756438914,0,Suburban,0,12.18286062218916,5,399,Maggi (Snacks),Snacks,0,1,2022,11,4
2022-11-29,Beverages,1885.0,12.93105100268008,0,Suburban,1,5.258602500565374,9,363,Nescafé (Beverages),Beverages,0,1,2022,11,4
2022-12-02,Snacks,1271.0,14.707019279245902,0,Rural,4,7.267050252823922,3,177,Maggi (Snacks),Snacks,0,1,2022,12,4
2022-12-03,Beverages,1590.0,3.6842829362346095,1,Rural,5,7.490915434337707,6,56,Nescafé (Beverages),Beverages,0,1,2022,12,4
2022-12-07,Beverages,1972.0,1.4349826745462848,0,Rural,2,12.22188321395852,8,236,Nescafé (Beverages),Beverages,0,1,2022,12,4
2022-12-09,Dairy,1630.0,5.248674255429914,0,Suburban,4,6.076860601692139,6,275,Milkmaid (Dairy),Dairy,0,1,2022,12,4
2022-12-11,Snacks,581.0,11.887787149686137,1,Rural,6,4.897645417314602,1,448,Maggi (Snacks),Snacks,0,1,2022,12,4
2022-12-12,Snacks,300.0,18.72188406904884,0,Rural,0,14.022045737080024,8,273,Maggi (Snacks),Snacks,0,1,2022,12,4
2022-12-13,Dairy,253.0,11.928103659435871,0,Suburban,1,2.2203346032529145,7,203,Milkmaid (Dairy),Dairy,0,1,2022,12,4
2022-12-14,Beverages,1573.0,10.107734362619183,1,Suburban,2,14.039366633521317,3,97,Nescafé (Beverages),Beverages,0,1,2022,12,4
2022-12-15,Snacks,1624.0,6.960826132687825,0,Urban,3,10.416063551612476,6,400,Maggi (Snacks),Snacks,0,1,2022,12,4
2022-12-17,Snacks,812.0,3.644762467733067,0,Suburban,5,0.9735563813751902,7,442,Maggi (Snacks),Snacks,0,1,2022,12,4
2022-12-18,Snacks,395.0,18.066970918561413,0,Rural,6,7.39614478141912,3,113,Maggi (Snacks),Snacks,0,1,2022,12,4
2022-12-19,Beverages,1140.0,16.75731569768439,0,Suburban,0,6.412347522539618,6,398,Nescafé (Beverages),Beverages,0,1,2022,12,4
2022-12-21,Snacks,1340.0,19.1031530244246,0,Rural,2,10.017939250759524,3,174,Maggi (Snacks),Snacks,0,1,2022,12,4
2022-12-22,Dairy,160.0,16.678814580895796,0,Suburban,3,14.581688156840144,9,228,Milkmaid (Dairy),Dairy,0,1,2022,12,4
2022-12-25,Beverages,141.0,10.086446437913374,1,Suburban,6,1.4925315622072437,2,431,Nescafé (Beverages),Beverages,0,1,2022,12,4
2023-01-03,Dairy,1558.0,6.277299851235961,1,Urban,1,6.346512463932157,8,252,Milkmaid (Dairy),Dairy,0,0,2023,1,1
2023-01-06,Snacks,965.0,1.336068382651887,0,Rural,4,9.371549791496712,9,88,Maggi (Snacks),Snacks,0,0,2023,1,1
2023-01-08,Snacks,374.0,7.93116616374606,1,Suburban,6,4.20237741956704,3,151,Maggi (Snacks),Snacks,0,0,2023,1,1
2023-01-09,Dairy,1736.0,8.342755982023796,1,Rural,0,2.035177614090375,2,95,Milkmaid (Dairy),Dairy,0,0,2023,1,1
2023-01-10,Beverages,1167.0,11.724380722898768,0,Urban,1,5.646016410555034,1,115,Nescafé (Beverages),Beverages,0,0,2023,1,1
2023-01-11,Dairy,916.0,4.643866656245351,1,Rural,2,6.491001499511933,4,140,Milkmaid (Dairy),Dairy,0,0,2023,1,1
2023-01-13,Snacks,1140.0,10.207430153358429,1,Suburban,4,10.043317452314817,6,160,Maggi (Snacks),Snacks,0,0,2023,1,1
2023-01-14,Snacks,429.0,15.3308173425334,1,Suburban,5,1.5165680247982258,5,387,Maggi (Snacks),Snacks,0,0,2023,1,1
2023-01-16,Snacks,1946.0,6.649745916499939,1,Urban,0,3.135793574651748,3,242,Maggi (Snacks),Snacks,0,0,2023,1,1
2023-01-18,Beverages,1938.0,4.242630412449969,0,Urban,2,12.495881171190064,5,148,Nescafé (Beverages),Beverages,0,0,2023,1,1
2023-01-21,Beverages,1715.0,6.042360774575697,1,Urban,5,2.9389530086145137,8,461,Nescafé (Beverages),Beverages,0,0,2023,1,1
2023-01-22,Snacks,315.0,4.377561369173716,1,Urban,6,13.250288127337871,1,152,Maggi (Snacks),Snacks,0,0,2023,1,1
2023-01-23,Snacks,438.0,14.140743055817069,0,Rural,0,8.57708744248801,4,434,Maggi (Snacks),Snacks,0,0,2023,1,1
2023-01-24,Beverages,1899.0,12.742981811456534,1,Urban,1,3.855019227464296,1,330,Nescafé (Beverages),Beverages,0,0,2023,1,1
2023-01-25,Snacks,760.0,13.030602894255818,0,Suburban,2,7.785195663912458,9,92,Maggi (Snacks),Snacks,0,0,2023,1,1
2023-01-26,Beverages,1204.0,5.348997492085658,1,Urban,3,11.10655221569518,7,133,Nescafé (Beverages),Beverages,0,0,2023,1,1
2023-01-29,Beverages,473.0,4.301299317583595,0,Suburban,6,13.349635695875504,7,435,Nescafé (Beverages),Beverages,0,0,2023,1,1
2023-02-02,Dairy,1660.0,16.04977904145032,0,Suburban,3,9.632399489303262,3,118,Milkmaid (Dairy),Dairy,0,0,2023,2,1
2023-02-04,Snacks,1212.0,13.427440112067965,0,Rural,5,11.409769293404924,2,307,Maggi (Snacks),Snacks,0,0,2023,2,1
2023-02-05,Dairy,1391.0,7.730488568450716,0,Suburban,6,8.203763266088513,1,467,Milkmaid (Dairy),Dairy,0,0,2023,2,1
2023-02-07,Beverages,1694.0,10.151062084162383,1,Rural,1,6.712639605807534,6,279,Nescafé (Beverages),Beverages,0,0,2023,2,1
2023-02-11,Beverages,1411.0,5.723024896583899,0,Urban,5,12.577480875826309,1,163,Nescafé (Beverages),Beverages,0,0,2023,2,1
2023-02-15,Snacks,500.0,12.060816365819472,0,Rural,2,5.996087038054008,3,98,Maggi (Snacks),Snacks,0,0,2023,2,1
2023-02-16,Snacks,1917.0,13.938521717526646,1,Urban,3,13.768380621499723,2,375,Maggi (Snacks),Snacks,0,0,2023,2,1
2023-02-19,Beverages,349.0,7.146507503318001,0,Rural,6,7.51829830138636,7,438,Nescafé (Beverages),Beverages,0,0,2023,2,1
2023-02-21,Snacks,1905.0,12.956677314203988,1,Rural,1,4.972790081597518,7,238,Maggi (Snacks),Snacks,0,0,2023,2,1
2023-02-22,Snacks,434.0,4.778269277730622,1,Urban,2,8.809111908975726,1,395,Maggi (Snacks),Snacks,0,0,2023,2,1
2023-02-25,Snacks,236.0,8.056762785352674,1,Suburban,5,4.443979777493163,9,285,Maggi (Snacks),Snacks,0,0,2023,2,1
2023-02-27,Snacks,787.0,13.275712345787651,0,Rural,0,14.68614441232442,2,121,Maggi (Snacks),Snacks,0,0,2023,2,1
2023-02-28,Snacks,1963.0,10.487342864593748,1,Urban,1,14.50333454238634,7,310,Maggi (Snacks),Snacks,0,0,2023,2,1
2023-03-01,Dairy,1621.0,6.054366282102234,0,Urban,2,6.229751813348424,1,303,Milkmaid (Dairy),Dairy,0,0,2023,3,1
2023-03-02,Snacks,926.0,3.8355177810533454,0,Rural,3,11.061377387924868,7,320,Maggi (Snacks),Snacks,0,0,2023,3,1
2023-03-03,Beverages,826.0,3.416795491061542,1,Rural,4,5.514188426951162,6,172,Nescafé (Beverages),Beverages,0,0,2023,3,1
2023-03-07,Snacks,1089.0,16.40303263173906,0,Urban,1,6.303077999820244,7,470,Maggi (Snacks),Snacks,0,0,2023,3,1
2023-03-08,Beverages,471.0,12.667544912509983,0,Suburban,2,11.857820752862692,2,308,Nescafé (Beverages),Beverages,0,0,2023,3,1
2023-03-10,Dairy,1094.0,8.455480709041016,1,Rural,4,14.859818405007902,9,96,Milkmaid (Dairy),Dairy,0,0,2023,3,1
2023-03-13,Snacks,1613.0,2.940841063493224,0,Urban,0,10.062836733944245,7,425,Maggi (Snacks),Snacks,0,0,2023,3,1
2023-03-14,Dairy,714.0,13.515150777941429,0,Suburban,1,10.476660577574869,3,257,Milkmaid (Dairy),Dairy,0,0,2023,3,1
2023-03-16,Beverages,1649.0,16.368785771090234,1,Suburban,3,14.108681860360392,7,284,Nescafé (Beverages),Beverages,0,0,2023,3,1
2023-03-17,Beverages,1282.0,2.451920329322977,1,Suburban,4,3.1271575462262007,9,198,Nescafé (Beverages),Beverages,0,0,2023,3,1
2023-03-19,Dairy,1094.0,18.67605881191865,0,Rural,6,3.728803147284732,4,487,Milkmaid (Dairy),Dairy,0,0,2023,3,1
2023-03-20,Dairy,719.0,5.808110223214906,0,Suburban,0,4.954638046808428,6,204,Milkmaid (Dairy),Dairy,0,0,2023,3,1
2023-03-23,Dairy,1221.0,10.413589965758652,1,Suburban,3,2.823271214159341,2,235,Milkmaid (Dairy),Dairy,0,0,2023,3,1
2023-03-24,Beverages,230.0,8.340629287117995,1,Suburban,4,2.9785778351023,4,367,Nescafé (Beverages),Beverages,0,0,2023,3,1
2023-03-25,Beverages,904.0,9.552364215975434,1,Suburban,5,6.563099428360595,5,407,Nescafé (Beverages),Beverages,0,0,2023,3,1
2023-03-26,Snacks,1294.0,5.312329192941919,1,Rural,6,11.48060318499476,1,223,Maggi (Snacks),Snacks,0,0,2023,3,1
2023-03-27,Dairy,1035.0,17.89842740644804,1,Rural,0,13.520487379292934,1,266,Milkmaid (Dairy),Dairy,0,0,2023,3,1
2023-04-01,Snacks,138.0,9.422188661428748,0,Rural,5,10.09492089833737,1,248,Maggi (Snacks),Snacks,0,0,2023,4,2
2023-04-03,Dairy,596.0,1.7224151165116433,1,Suburban,0,2.8637771503158502,2,70,Milkmaid (Dairy),Dairy,0,0,2023,4,2
2023-04-04,Snacks,1639.0,15.177937892154931,1,Urban,1,3.890286079849429,4,249,Maggi (Snacks),Snacks,0,0,2023,4,2
2023-04-05,Dairy,1472.0,13.521675149869935,0,Rural,2,0.8437624278455165,2,420,Milkmaid (Dairy),Dairy,0,0,2023,4,2
2023-04-06,Beverages,1081.0,16.240480604424164,0,Rural,3,12.606734482568854,7,496,Nescafé (Beverages),Beverages,0,0,2023,4,2
2023-04-07,Snacks,1020.0,3.001983145103313,1,Suburban,4,14.633013642703997,9,390,Maggi (Snacks),Snacks,0,0,2023,4,2
2023-04-09,Snacks,821.0,10.663006499503991,1,Suburban,6,3.856390599596823,6,297,Maggi (Snacks),Snacks,0,0,2023,4,2
2023-04-10,Snacks,1284.0,8.36430939817262,1,Suburban,0,13.091938097230544,1,325,Maggi (Snacks),Snacks,0,0,2023,4,2
2023-04-11,Snacks,115.0,9.77699179674816,1,Urban,1,13.93372507036468,9,313,Maggi (Snacks),Snacks,0,0,2023,4,2
2023-04-12,Snacks,592.0,19.840179768535204,0,Urban,2,6.58459705069875,5,107,Maggi (Snacks),Snacks,0,0,2023,4,2
2023-04-13,Dairy,1549.0,19.44424919574273,0,Urban,3,1.2340258479015749,5,351,Milkmaid (Dairy),Dairy,0,0,2023,4,2
2023-04-14,Beverages,1231.0,18.903992403790664,1,Suburban,4,1.0711815885458813,6,80,Nescafé (Beverages),Beverages,0,0,2023,4,2
2023-04-16,Snacks,1573.0,7.741985844880918,0,Urban,6,6.196979078951096,8,142,Maggi (Snacks),Snacks,0,0,2023,4,2
2023-04-18,Snacks,838.0,11.442704830659563,0,Urban,1,8.957159688532073,8,320,Maggi (Snacks),Snacks,0,0,2023,4,2
2023-04-20,Dairy,645.0,2.3055438178470875,0,Suburban,3,11.916893393164456,1,203,Milkmaid (Dairy),Dairy,0,0,2023,4,2
2023-04-23,Beverages,858.0,10.77849414489672,0,Suburban,6,9.031107204255724,9,129,Nescafé (Beverages),Beverages,0,0,2023,4,2
2023-04-26,Beverages,1397.0,5.329005933319089,0,Suburban,2,8.390880606303682,8,414,Nescafé (Beverages),Beverages,0,0,2023,4,2
2023-04-28,Snacks,1731.0,13.67965756288214,0,Suburban,4,10.786863537192634,4,86,Maggi (Snacks),Snacks,0,0,2023,4,2
2023-04-30,Beverages,1162.0,5.852856209019171,0,Rural,6,13.611527725409694,1,376,Nescafé (Beverages),Beverages,0,0,2023,4,2
2023-05-01,Dairy,913.0,5.953552698478414,1,Suburban,0,5.933468572356959,5,456,Milkmaid (Dairy),Dairy,0,0,2023,5,2
2023-05-02,Beverages,128.0,2.315831819431339,0,Suburban,1,8.473094160254975,2,474,Nescafé (Beverages),Beverages,0,0,2023,5,2
2023-05-03,Dairy,1057.0,19.23670384344265,0,Suburban,2,1.2333100054513184,8,281,Milkmaid (Dairy),Dairy,0,0,2023,5,2
2023-05-05,Snacks,417.0,18.02047735006576,0,Urban,4,12.569271325084427,5,385,Maggi (Snacks),Snacks,0,0,2023,5,2
2023-05-06,Beverages,344.0,7.122094565447939,1,Rural,5,12.181907677768455,2,151,Nescafé (Beverages),Beverages,0,0,2023,5,2
2023-05-09,Beverages,371.0,3.165176059572026,1,Rural,1,12.350927027091933,1,215,Nescafé (Beverages),Beverages,0,0,2023,5,2
2023-05-11,Beverages,1871.0,18.485646443168747,1,Rural,3,1.8827333584585515,4,63,Nescafé (Beverages),Beverages,0,0,2023,5,2
2023-05-12,Dairy,1362.0,10.894594694850042,1,Suburban,4,7.025850271680266,5,422,Milkmaid (Dairy),Dairy,0,0,2023,5,2
2023-05-13,Beverages,476.0,12.713494811006584,1,Urban,5,5.39308704498132,2,274,Nescafé (Beverages),Beverages,0,0,2023,5,2
2023-05-14,Beverages,365.0,3.9761303025023578,1,Urban,6,13.124982604132873,1,122,Nescafé (Beverages),Beverages,0,0,2023,5,2
2023-05-15,Beverages,1025.0,1.83097689171942,1,Suburban,0,1.711111262860272,9,298,Nescafé (Beverages),Beverages,0,0,2023,5,2
2023-05-17,Beverages,1482.0,12.372099938002949,1,Urban,2,11.410790895004167,4,265,Nescafé (Beverages),Beverages,0,0,2023,5,2
2023-05-19,Dairy,488.0,8.143864908884916,1,Suburban,4,7.641763020357194,4,78,Milkmaid (Dairy),Dairy,0,0,2023,5,2
2023-05-20,Dairy,676.0,11.451746868704964,1,Rural,5,6.91055200285594,8,484,Milkmaid (Dairy),Dairy,0,0,2023,5,2
2023-05-21,Beverages,1812.0,8.384403173967094,1,Urban,6,5.348817095336855,8,354,Nescafé (Beverages),Beverages,0,0,2023,5,2
2023-05-25,Beverages,475.0,13.843663236140753,1,Suburban,3,8.793940235112096,3,264,Nescafé (Beverages),Beverages,0,0,2023,5,2
2023-05-26,Dairy,1793.0,10.424908934917845,1,Suburban,4,12.178768774849802,4,270,Milkmaid (Dairy),Dairy,0,0,2023,5,2
2023-05-28,Beverages,245.0,19.85589260929993,1,Urban,6,2.731548618059718,1,91,Nescafé (Beverages),Beverages,0,0,2023,5,2
2023-05-31,Dairy,531.0,17.706104539958925,0,Urban,2,5.735583531945039,3,213,Milkmaid (Dairy),Dairy,0,0,2023,5,2
2023-06-01,Snacks,804.0,5.910200785544544,1,Urban,3,6.422605930422997,2,410,Maggi (Snacks),Snacks,0,0,2023,6,2
2023-06-04,Dairy,498.0,5.200204057620841,0,Suburban,6,1.0027542112779626,1,351,Milkmaid (Dairy),Dairy,0,0,2023,6,2
2023-06-06,Beverages,1467.0,15.215646213600952,1,Suburban,1,10.608873536000717,1,74,Nescafé (Beverages),Beverages,0,0,2023,6,2
2023-06-08,Dairy,1263.0,4.431297365330717,1,Rural,3,9.80181497821565,3,422,Milkmaid (Dairy),Dairy,0,0,2023,6,2
2023-06-12,Beverages,1038.0,6.117294667738476,0,Rural,0,4.8106644620792345,8,379,Nescafé (Beverages),Beverages,0,0,2023,6,2
2023-06-15,Snacks,906.0,3.0509305782828227,0,Rural,3,3.9877079851121566,5,202,Maggi (Snacks),Snacks,0,0,2023,6,2
2023-06-16,Snacks,1563.0,14.020662306201594,0,Suburban,4,10.249565727729705,6,231,Maggi (Snacks),Snacks,0,0,2023,6,2
2023-06-17,Snacks,1442.0,2.7455468664908493,0,Rural,5,12.47793792595014,7,174,Maggi (Snacks),Snacks,0,0,2023,6,2
2023-06-19,Dairy,1467.0,10.279488471233853,0,Urban,0,12.453081485115568,8,55,Milkmaid (Dairy),Dairy,0,0,2023,6,2
2023-06-21,Dairy,1185.0,7.505289084637384,0,Rural,2,2.7665960752784824,1,363,Milkmaid (Dairy),Dairy,0,0,2023,6,2
2023-06-22,Dairy,1968.0,8.854912536609968,1,Suburban,3,11.200288737265089,1,375,Milkmaid (Dairy),Dairy,0,0,2023,6,2
2023-06-23,Snacks,325.0,15.40551521045421,1,Urban,4,5.726880324552531,9,102,Maggi (Snacks),Snacks,0,0,2023,6,2
2023-06-25,Beverages,1834.0,12.62686960140929,1,Rural,6,4.424337158735602,8,363,Nescafé (Beverages),Beverages,0,0,2023,6,2
2023-06-26,Snacks,663.0,3.012683538611366,1,Suburban,0,1.6778297046967536,7,131,Maggi (Snacks),Snacks,0,0,2023,6,2
2023-06-27,Snacks,871.0,3.879818060165798,0,Rural,1,14.892436034572569,6,136,Maggi (Snacks),Snacks,0,0,2023,6,2
2023-06-29,Beverages,1707.0,11.966282882463451,1,Suburban,3,14.832104412470477,7,253,Nescafé (Beverages),Beverages,0,0,2023,6,2
2023-07-02,Snacks,1698.0,4.056115305197178,0,Suburban,6,10.061632950188963,1,453,Maggi (Snacks),Snacks,1,0,2023,7,3
2023-07-03,Beverages,1433.0,11.602804177830372,1,Suburban,0,8.878202228640728,9,152,Nescafé (Beverages),Beverages,1,0,2023,7,3
2023-07-04,Snacks,984.0,16.423292120448487,0,Rural,1,13.058472407978602,4,73,Maggi (Snacks),Snacks,1,0,2023,7,3
2023-07-05,Dairy,1366.0,15.09252916874567,1,Urban,2,4.696873063482575,3,417,Milkmaid (Dairy),Dairy,1,0,2023,7,3
2023-07-06,Snacks,1616.0,17.747564813825406,0,Urban,3,7.281377581030717,4,261,Maggi (Snacks),Snacks,1,0,2023,7,3
2023-07-07,Snacks,1489.0,6.280139847728488,1,Urban,4,9.481154555814278,4,114,Maggi (Snacks),Snacks,1,0,2023,7,3
2023-07-11,Dairy,924.0,6.907649670143529,0,Rural,1,8.681361341925772,8,434,Milkmaid (Dairy),Dairy,1,0,2023,7,3
2023-07-13,Beverages,1036.0,16.48724930512699,0,Rural,3,3.4221614810915364,5,165,Nescafé (Beverages),Beverages,1,0,2023,7,3
2023-07-15,Beverages,605.0,14.069798087718388,0,Suburban,5,10.49177097934933,8,154,Nescafé (Beverages),Beverages,1,0,2023,7,3
2023-07-16,Beverages,358.0,8.12993818441066,0,Urban,6,12.437461583860438,2,308,Nescafé (Beverages),Beverages,1,0,2023,7,3
2023-07-21,Dairy,1170.0,16.82092891759382,1,Urban,4,1.0820134567378146,2,497,Milkmaid (Dairy),Dairy,1,0,2023,7,3
2023-07-24,Dairy,1644.0,15.414851412109092,0,Suburban,0,4.763978201563278,3,382,Milkmaid (Dairy),Dairy,1,0,2023,7,3
2023-07-25,Snacks,1222.0,13.889197634247695,0,Urban,1,3.549619066144008,7,498,Maggi (Snacks),Snacks,1,0,2023,7,3
2023-07-26,Snacks,1143.0,15.3690284999376,0,Rural,2,11.59776877594159,8,73,Maggi (Snacks),Snacks,1,0,2023,7,3
2023-07-27,Dairy,1876.0,16.997437058437466,1,Suburban,3,4.168881943343672,2,84,Milkmaid (Dairy),Dairy,1,0,2023,7,3
2023-07-28,Dairy,1696.0,9.936062027933929,1,Urban,4,13.05065455599695,4,73,Milkmaid (Dairy),Dairy,1,0,2023,7,3
2023-07-31,Snacks,789.0,8.322141777899875,0,Urban,0,14.697697548958926,6,108,Maggi (Snacks),Snacks,1,0,2023,7,3
2023-08-02,Snacks,161.0,15.827595746798217,0,Urban,2,12.779864754219815,6,487,Maggi (Snacks),Snacks,1,0,2023,8,3
2023-08-06,Beverages,259.0,1.035717786973302,0,Urban,6,9.24567674178273,5,298,Nescafé (Beverages),Beverages,1,0,2023,8,3
2023-08-07,Beverages,1862.0,4.3890791018392665,0,Urban,0,10.396720663296962,3,316,Nescafé (Beverages),Beverages,1,0,2023,8,3
2023-08-08,Dairy,880.0,1.552356226535121,1,Rural,1,8.842708010371929,8,242,Milkmaid (Dairy),Dairy,1,0,2023,8,3
2023-08-11,Beverages,1212.0,8.36579830025749,1,Urban,4,11.644429298241429,6,164,Nescafé (Beverages),Beverages,1,0,2023,8,3
2023-08-13,Beverages,679.0,17.61098694159452,1,Suburban,6,10.539137439239006,5,348,Nescafé (Beverages),Beverages,1,0,2023,8,3
2023-08-14,Beverages,1480.0,10.69208453747768,0,Suburban,0,3.883325928415237,5,374,Nescafé (Beverages),Beverages,1,0,2023,8,3
2023-08-15,Beverages,1733.0,14.74469054663344,0,Suburban,1,9.567287464339582,7,446,Nescafé (Beverages),Beverages,1,0,2023,8,3
2023-08-17,Snacks,1740.0,5.283336353810183,0,Urban,3,3.671351389144818,3,124,Maggi (Snacks),Snacks,1,0,2023,8,3
2023-08-24,Dairy,1318.0,7.120052080354524,0,Suburban,3,5.449120366275756,6,308,Milkmaid (Dairy),Dairy,1,0,2023,8,3
2023-08-28,Dairy,269.0,15.172578967459817,0,Rural,0,7.247385542122548,5,75,Milkmaid (Dairy),Dairy,1,0,2023,8,3
2023-08-29,Dairy,620.0,19.65741461847676,1,Suburban,1,0.698395014029876,9,210,Milkmaid (Dairy),Dairy,1,0,2023,8,3
2023-08-31,Beverages,139.0,16.677482685656187,0,Suburban,3,4.249578071454368,8,225,Nescafé (Beverages),Beverages,1,0,2023,8,3
2023-09-01,Snacks,1660.0,10.885634961454429,1,Rural,4,0.9038574919055788,8,128,Maggi (Snacks),Snacks,0,0,2023,9,3
2023-09-02,Beverages,1384.0,8.095789326739295,0,Suburban,5,9.65494222769964,3,51,Nescafé (Beverages),Beverages,0,0,2023,9,3
2023-09-03,Beverages,1518.0,3.325158389178381,0,Rural,6,6.682776173623527,7,432,Nescafé (Beverages),Beverages,0,0,2023,9,3
2023-09-04,Beverages,1054.0,14.974606523263214,1,Rural,0,8.448105439556318,7,465,Nescafé (Beverages),Beverages,0,0,2023,9,3
2023-09-06,Dairy,1083.0,8.05701803558787,1,Suburban,2,4.791014426830934,7,325,Milkmaid (Dairy),Dairy,0,0,2023,9,3
2023-09-07,Beverages,1247.0,2.18830231105,0,Rural,3,10.125454885364514,2,166,Nescafé (Beverages),Beverages,0,0,2023,9,3
2023-09-08,Dairy,1074.0,16.225971400570863,0,Rural,4,14.496889492640795,9,213,Milkmaid (Dairy),Dairy,0,0,2023,9,3
2023-09-10,Snacks,427.0,14.938700770803935,1,Rural,6,13.410572652401358,1,77,Maggi (Snacks),Snacks,0,0,2023,9,3
2023-09-14,Snacks,1013.0,10.42716129815117,0,Urban,3,1.506214245610659,7,105,Maggi (Snacks),Snacks,0,0,2023,9,3
2023-09-17,Snacks,1439.0,19.83140220460477,1,Suburban,6,5.443899285815595,5,335,Maggi (Snacks),Snacks,0,0,2023,9,3
2023-09-18,Snacks,1811.0,15.197172167098715,1,Urban,0,13.80038696537637,6,359,Maggi (Snacks),Snacks,0,0,2023,9,3
2023-09-20,Snacks,895.0,19.05594230568124,1,Rural,2,2.577581151188296,4,488,Maggi (Snacks),Snacks,0,0,2023,9,3
2023-09-24,Beverages,1163.0,4.140588108433317,1,Urban,6,10.618575389824963,2,132,Nescafé (Beverages),Beverages,0,0,2023,9,3
2023-09-26,Dairy,323.0,12.130392773466138,0,Suburban,1,11.986772324624305,2,374,Milkmaid (Dairy),Dairy,0,0,2023,9,3
2023-09-27,Beverages,417.0,12.143102751585433,0,Suburban,2,10.3072354841545,6,177,Nescafé (Beverages),Beverages,0,0,2023,9,3
2023-09-28,Beverages,448.0,14.255741922881429,1,Rural,3,10.354681144729582,8,356,Nescafé (Beverages),Beverages,0,0,2023,9,3
2023-09-29,Beverages,214.0,18.662721534638,0,Urban,4,14.215907338465255,3,71,Nescafé (Beverages),Beverages,0,0,2023,9,3
2023-10-06,Dairy,1982.0,10.137214014308324,0,Urban,4,9.105190049218496,5,405,Milkmaid (Dairy),Dairy,0,1,2023,10,4
2023-10-08,Snacks,1412.0,18.809712590101423,0,Urban,6,11.067281789534388,8,117,Maggi (Snacks),Snacks,0,1,2023,10,4
2023-10-09,Dairy,1385.0,14.414361145616468,1,Urban,0,5.191190981039627,4,341,Milkmaid (Dairy),Dairy,0,1,2023,10,4
2023-10-11,Beverages,1270.0,1.9469985278758888,1,Suburban,2,8.570387213281224,2,230,Nescafé (Beverages),Beverages,0,1,2023,10,4
2023-10-12,Snacks,435.0,18.17435327494712,0,Urban,3,5.469598418704655,5,483,Maggi (Snacks),Snacks,0,1,2023,10,4
2023-10-13,Snacks,1291.0,18.27841364815953,1,Rural,4,2.4513558730095624,6,218,Maggi (Snacks),Snacks,0,1,2023,10,4
2023-10-14,Snacks,191.0,15.824048205171945,0,Urban,5,1.8690740160769737,5,451,Maggi (Snacks),Snacks,0,1,2023,10,4
2023-10-15,Dairy,452.0,1.133554872458764,0,Urban,6,12.55701583012724,2,71,Milkmaid (Dairy),Dairy,0,1,2023,10,4
2023-10-18,Beverages,915.0,3.4956387547532275,1,Rural,2,1.999794665477009,8,149,Nescafé (Beverages),Beverages,0,1,2023,10,4
2023-10-19,Beverages,1804.0,8.577884564370859,0,Rural,3,6.329394644879491,7,433,Nescafé (Beverages),Beverages,0,1,2023,10,4
2023-10-20,Snacks,880.0,18.529838103668,1,Suburban,4,11.06961840152478,7,349,Maggi (Snacks),Snacks,0,1,2023,10,4
2023-10-21,Beverages,462.0,9.969148249742968,1,Urban,5,11.807402818145988,9,152,Nescafé (Beverages),Beverages,0,1,2023,10,4
2023-10-22,Dairy,656.0,1.2546499022111466,0,Rural,6,2.2141700232207846,1,96,Milkmaid (Dairy),Dairy,0,1,2023,10,4
2023-10-24,Snacks,1816.0,1.8473032590862688,1,Urban,1,10.825987165268772,6,334,Maggi (Snacks),Snacks,0,1,2023,10,4
2023-10-25,Beverages,1293.0,1.6894648296565409,0,Urban,2,5.670644551799982,6,359,Nescafé (Beverages),Beverages,0,1,2023,10,4
2023-10-26,Dairy,455.0,6.238677208815493,1,Suburban,3,4.189979308464774,6,139,Milkmaid (Dairy),Dairy,0,1,2023,10,4
2023-10-27,Dairy,290.0,6.236634434899963,1,Urban,4,0.6870133119481189,7,134,Milkmaid (Dairy),Dairy,0,1,2023,10,4
2023-10-28,Beverages,1790.0,15.955405449430478,1,Rural,5,8.334341398041746,6,322,Nescafé (Beverages),Beverages,0,1,2023,10,4
2023-10-30,Beverages,799.0,8.052934783909969,0,Rural,0,14.385658870952524,3,237,Nescafé (Beverages),Beverages,0,1,2023,10,4
2023-10-31,Snacks,106.0,9.148850698359734,1,Urban,1,8.703301783892694,2,208,Maggi (Snacks),Snacks,0,1,2023,10,4
2023-11-01,Beverages,232.0,17.050999289434408,1,Rural,2,7.959689252228466,6,292,Nescafé (Beverages),Beverages,0,1,2023,11,4
2023-11-02,Dairy,1870.0,6.094641381814754,1,Rural,3,1.733317589593996,8,122,Milkmaid (Dairy),Dairy,0,1,2023,11,4
2023-11-03,Beverages,656.0,3.971254283665511,1,Urban,4,8.458655622367697,3,98,Nescafé (Beverages),Beverages,0,1,2023,11,4
2023-11-06,Beverages,1154.0,12.7742893637889,0,Suburban,0,6.136532044209927,5,293,Nescafé (Beverages),Beverages,0,1,2023,11,4
2023-11-09,Dairy,1517.0,6.98860090084982,0,Urban,3,5.066317446538988,5,447,Milkmaid (Dairy),Dairy,0,1,2023,11,4
2023-11-14,Snacks,1674.0,11.41809109080206,1,Urban,1,8.21214061432274,2,408,Maggi (Snacks),Snacks,0,1,2023,11,4
2023-11-15,Snacks,181.0,3.4317759621381416,1,Rural,2,13.167468666689622,8,491,Maggi (Snacks),Snacks,0,1,2023,11,4
2023-11-16,Dairy,455.0,17.760576671359143,0,Rural,3,14.935749057114974,9,484,Milkmaid (Dairy),Dairy,0,1,2023,11,4
2023-11-17,Beverages,1381.0,8.47550908470824,1,Suburban,4,8.949359515497882,4,51,Nescafé (Beverages),Beverages,0,1,2023,11,4
2023-11-19,Beverages,688.0,15.966547295026464,0,Rural,6,5.240644852881792,4,346,Nescafé (Beverages),Beverages,0,1,2023,11,4
2023-11-20,Beverages,1647.0,12.864083482962831,1,Suburban,0,4.933287382985721,9,260,Nescafé (Beverages),Beverages,0,1,2023,11,4
2023-11-21,Dairy,394.0,10.395141494606769,1,Urban,1,6.339203954421123,7,172,Milkmaid (Dairy),Dairy,0,1,2023,11,4
2023-11-25,Beverages,1790.0,4.632623327830991,1,Urban,5,2.431543899981116,8,437,Nescafé (Beverages),Beverages,0,1,2023,11,4
2023-11-26,Beverages,1236.0,7.426999001314619,1,Urban,6,9.669745718749876,7,189,Nescafé (Beverages),Beverages,0,1,2023,11,4
2023-11-27,Snacks,1356.0,6.86527612409071,1,Rural,0,2.360725001737085,7,78,Maggi (Snacks),Snacks,0,1,2023,11,4
2023-11-29,Snacks,459.0,19.379767377977227,1,Rural,2,10.55462085681648,1,319,Maggi (Snacks),Snacks,0,1,2023,11,4
2023-11-30,Snacks,1346.0,4.477293440459816,1,Urban,3,10.65886669771955,5,296,Maggi (Snacks),Snacks,0,1,2023,11,4
2023-12-01,Snacks,965.0,1.4186680456525795,1,Suburban,4,11.425345604564152,2,61,Maggi (Snacks),Snacks,0,1,2023,12,4
2023-12-02,Dairy,799.0,14.680152753599147,0,Suburban,5,13.156461612702136,2,404,Milkmaid (Dairy),Dairy,0,1,2023,12,4
2023-12-03,Dairy,547.0,8.941808743539202,0,Urban,6,7.749405383489432,1,438,Milkmaid (Dairy),Dairy,0,1,2023,12,4
2023-12-04,Snacks,955.0,2.6879646566637234,0,Suburban,0,11.088613248178785,5,386,Maggi (Snacks),Snacks,0,1,2023,12,4
2023-12-06,Beverages,774.0,11.357005036953296,1,Suburban,2,3.2062791270663973,4,81,Nescafé (Beverages),Beverages,0,1,2023,12,4
2023-12-09,Dairy,566.0,8.675579650204416,1,Rural,5,6.9239887418954815,2,386,Milkmaid (Dairy),Dairy,0,1,2023,12,4
2023-12-10,Beverages,513.0,11.308370264513036,1,Urban,6,9.448036194215517,6,118,Nescafé (Beverages),Beverages,0,1,2023,12,4
2023-12-11,Beverages,1578.0,16.042299780613682,1,Rural,0,12.824410292296475,2,350,Nescafé (Beverages),Beverages,0,1,2023,12,4
2023-12-14,Snacks,1347.0,5.296793980208874,0,Urban,3,14.47045923837775,5,482,Maggi (Snacks),Snacks,0,1,2023,12,4
2023-12-15,Dairy,1093.0,17.091455833682637,1,Suburban,4,2.066646110957903,7,466,Milkmaid (Dairy),Dairy,0,1,2023,12,4
2023-12-16,Dairy,1954.0,9.14398039243904,1,Suburban,5,7.438120516554243,4,149,Milkmaid (Dairy),Dairy,0,1,2023,12,4
2023-12-18,Snacks,671.0,13.61957037560293,1,Urban,0,8.349929103157855,2,58,Maggi (Snacks),Snacks,0,1,2023,12,4
2023-12-19,Snacks,434.0,5.105718610520842,1,Suburban,1,1.7474662769776763,4,111,Maggi (Snacks),Snacks,0,1,2023,12,4
2023-12-20,Snacks,1345.0,2.853687694546695,0,Rural,2,1.3268902530524809,1,234,Maggi (Snacks),Snacks,0,1,2023,12,4
2023-12-21,Snacks,136.0,17.377751259681173,1,Urban,3,2.0295096981850174,8,78,Maggi (Snacks),Snacks,0,1,2023,12,4
2023-12-22,Dairy,1088.0,9.743083025280354,0,Rural,4,8.991021416152881,9,430,Milkmaid (Dairy),Dairy,0,1,2023,12,4
2023-12-23,Dairy,377.0,15.236390541219752,1,Suburban,5,8.393000870697655,4,163,Milkmaid (Dairy),Dairy,0,1,2023,12,4
2023-12-24,Snacks,1319.0,6.521163636320747,1,Urban,6,3.889241484532792,3,458,Maggi (Snacks),Snacks,0,1,2023,12,4
2023-12-26,Beverages,1987.0,3.126782613409076,0,Rural,1,12.390978779806916,5,439,Nescafé (Beverages),Beverages,0,1,2023,12,4
2023-12-27,Beverages,583.0,7.763494102102202,1,Rural,2,1.1028949177756096,3,169,Nescafé (Beverages),Beverages,0,1,2023,12,4
2023-12-29,Snacks,1447.0,16.085804610992113,1,Suburban,4,10.49500097548901,6,206,Maggi (Snacks),Snacks,0,1,2023,12,4
2023-12-30,Dairy,830.0,10.447862675979076,1,Rural,5,4.158522942510462,1,384,Milkmaid (Dairy),Dairy,0,1,2023,12,4
2023-12-31,Beverages,291.0,7.455771959675816,0,Rural,6,4.962678126750662,8,398,Nescafé (Beverages),Beverages,0,1,2023,12,4
2024-01-04,Snacks,500.0,15.328045926007118,0,Suburban,3,8.955388176943961,8,490,Maggi (Snacks),Snacks,0,0,2024,1,1
2024-01-05,Beverages,985.0,1.3409678928013449,0,Rural,4,11.088214907480111,2,482,Nescafé (Beverages),Beverages,0,0,2024,1,1
2024-01-06,Snacks,804.0,3.398821873059656,1,Rural,5,5.789925818013081,9,221,Maggi (Snacks),Snacks,0,0,2024,1,1
2024-01-07,Beverages,121.0,13.532957961500102,0,Rural,6,9.794000157431988,5,280,Nescafé (Beverages),Beverages,0,0,2024,1,1
2024-01-11,Snacks,405.0,11.643462909123324,0,Suburban,3,8.568737241557919,8,436,Maggi (Snacks),Snacks,0,0,2024,1,1
2024-01-13,Snacks,803.0,11.601634036870156,1,Urban,5,13.714418256140146,2,111,Maggi (Snacks),Snacks,0,0,2024,1,1
2024-01-15,Dairy,384.0,2.78888629238826,0,Suburban,0,5.078710693117692,6,369,Milkmaid (Dairy),Dairy,0,0,2024,1,1
2024-01-16,Dairy,815.0,7.529600659572958,0,Urban,1,1.324780267775875,2,151,Milkmaid (Dairy),Dairy,0,0,2024,1,1
2024-01-17,Dairy,1799.0,6.366187075043722,0,Rural,2,11.614646085213597,5,478,Milkmaid (Dairy),Dairy,0,0,2024,1,1
2024-01-18,Dairy,862.0,8.423838946658652,1,Urban,3,10.680558084649991,7,411,Milkmaid (Dairy),Dairy,0,0,2024,1,1
2024-01-19,Beverages,1350.0,16.168539576262237,0,Urban,4,5.304607171676597,8,259,Nescafé (Beverages),Beverages,0,0,2024,1,1
2024-01-20,Dairy,1047.0,8.066720690420432,1,Suburban,5,10.29711208200256,7,491,Milkmaid (Dairy),Dairy,0,0,2024,1,1
2024-01-23,Beverages,1130.0,2.774751467530616,1,Urban,1,7.085663109682238,5,107,Nescafé (Beverages),Beverages,0,0,2024,1,1
2024-01-24,Dairy,128.0,9.380371006764893,1,Suburban,2,6.478056053559151,5,161,Milkmaid (Dairy),Dairy,0,0,2024,1,1
2024-01-25,Dairy,1006.0,4.716576187845785,1,Rural,3,14.053583774580364,4,362,Milkmaid (Dairy),Dairy,0,0,2024,1,1
2024-01-26,Dairy,1156.0,4.547742619687789,0,Suburban,4,4.1377469484151534,9,245,Milkmaid (Dairy),Dairy,0,0,2024,1,1
2024-01-28,Snacks,978.0,7.77674850869353,1,Rural,6,8.975875142262144,2,402,Maggi (Snacks),Snacks,0,0,2024,1,1
2024-01-30,Snacks,1046.0,6.252392121084525,0,Rural,1,5.978668599044206,7,101,Maggi (Snacks),Snacks,0,0,2024,1,1
2024-01-31,Dairy,558.0,6.934632935824758,1,Urban,2,1.399533072617332,8,342,Milkmaid (Dairy),Dairy,0,0,2024,1,1
2024-02-01,Dairy,669.0,13.21081849577605,0,Rural,3,5.419926375988728,3,57,Milkmaid (Dairy),Dairy,0,0,2024,2,1
2024-02-04,Snacks,1553.0,10.883619941779536,1,Rural,6,10.042482161819136,6,285,Maggi (Snacks),Snacks,0,0,2024,2,1
2024-02-06,Snacks,1408.0,11.598583646654829,1,Urban,1,7.050222401730935,4,423,Maggi (Snacks),Snacks,0,0,2024,2,1
2024-02-09,Beverages,496.0,7.898913996046199,0,Rural,4,2.169619586730416,5,94,Nescafé (Beverages),Beverages,0,0,2024,2,1
2024-02-11,Beverages,138.0,4.208229926876037,1,Rural,6,6.514972005059604,7,283,Nescafé (Beverages),Beverages,0,0,2024,2,1
2024-02-13,Snacks,986.0,12.36413995801134,1,Suburban,1,10.065508957491875,7,338,Maggi (Snacks),Snacks,0,0,2024,2,1
2024-02-14,Snacks,896.0,1.6342884339412431,0,Suburban,2,6.909484603501291,4,175,Maggi (Snacks),Snacks,0,0,2024,2,1
2024-02-15,Beverages,256.0,7.910169370366664,1,Urban,3,9.899385297713769,8,116,Nescafé (Beverages),Beverages,0,0,2024,2,1
2024-02-16,Snacks,1198.0,14.920069459315824,1,Urban,4,1.3909712068964188,5,79,Maggi (Snacks),Snacks,0,0,2024,2,1
2024-02-18,Dairy,1923.0,6.950077901528365,0,Suburban,6,14.137307316751338,5,253,Milkmaid (Dairy),Dairy,0,0,2024,2,1
2024-02-19,Beverages,1253.0,16.173272175272274,0,Suburban,0,9.907098099311096,1,78,Nescafé (Beverages),Beverages,0,0,2024,2,1
2024-02-20,Snacks,1810.0,19.387361664964388,0,Suburban,1,14.341205968452757,9,180,Maggi (Snacks),Snacks,0,0,2024,2,1
2024-02-21,Beverages,1073.0,17.28060478542679,1,Urban,2,2.695768558364468,5,234,Nescafé (Beverages),Beverages,0,0,2024,2,1
2024-02-22,Beverages,1207.0,3.2352357750271787,1,Urban,3,7.422534747465129,6,302,Nescafé (Beverages),Beverages,0,0,2024,2,1
2024-02-23,Dairy,1145.0,15.054876309625271,1,Rural,4,9.226197642208986,4,335,Milkmaid (Dairy),Dairy,0,0,2024,2,1
2024-02-25,Beverages,1662.0,19.77990379882945,0,Rural,6,6.321195796791127,8,459,Nescafé (Beverages),Beverages,0,0,2024,2,1
2024-02-26,Snacks,1830.0,10.221820680037856,1,Urban,0,5.40222393581079,3,435,Maggi (Snacks),Snacks,0,0,2024,2,1
2024-02-28,Beverages,1505.0,14.778525412520423,1,Rural,2,6.180265533153034,2,52,Nescafé (Beverages),Beverages,0,0,2024,2,1
2024-02-29,Beverages,847.0,7.137212769338063,1,Suburban,3,2.8585818190295345,2,479,Nescafé (Beverages),Beverages,0,0,2024,2,1
2024-03-01,Dairy,1563.0,19.94448498455157,1,Suburban,4,11.148302309137168,7,117,Milkmaid (Dairy),Dairy,0,0,2024,3,1
2024-03-04,Snacks,120.0,3.466702530082634,0,Rural,0,8.509308998349898,5,190,Maggi (Snacks),Snacks,0,0,2024,3,1
2024-03-06,Snacks,968.0,2.767579242740517,0,Urban,2,13.14273938856733,7,349,Maggi (Snacks),Snacks,0,0,2024,3,1
2024-03-08,Snacks,1897.0,16.636210478208234,1,Suburban,4,5.509472378989963,9,360,Maggi (Snacks),Snacks,0,0,2024,3,1
2024-03-09,Dairy,1782.0,4.985306005989946,1,Suburban,5,12.143672282131648,8,442,Milkmaid (Dairy),Dairy,0,0,2024,3,1
2024-03-10,Dairy,1576.0,8.20151539816285,1,Rural,6,8.334043951217605,5,179,Milkmaid (Dairy),Dairy,0,0,2024,3,1
2024-03-11,Dairy,1510.0,19.49569040954729,0,Suburban,0,1.6495641271522803,3,494,Milkmaid (Dairy),Dairy,0,0,2024,3,1
2024-03-12,Dairy,1630.0,7.399969535360962,0,Rural,1,8.704833124542077,9,295,Milkmaid (Dairy),Dairy,0,0,2024,3,1
2024-03-15,Snacks,1033.0,3.104220461060204,1,Urban,4,4.796724127547101,3,113,Maggi (Snacks),Snacks,0,0,2024,3,1
2024-03-16,Snacks,1650.0,15.432065792178005,0,Suburban,5,2.5803071267612907,6,80,Maggi (Snacks),Snacks,0,0,2024,3,1
2024-03-17,Dairy,1285.0,19.773245766402702,0,Suburban,6,2.695960068062681,3,96,Milkmaid (Dairy),Dairy,0,0,2024,3,1
2024-03-18,Dairy,1286.0,18.124624204718327,0,Urban,0,6.775186522956374,6,179,Milkmaid (Dairy),Dairy,0,0,2024,3,1
2024-03-19,Beverages,1955.0,13.381690455422092,1,Rural,1,9.137357450342178,4,401,Nescafé (Beverages),Beverages,0,0,2024,3,1
2024-03-22,Snacks,891.0,16.56584699255776,1,Rural,4,11.44943745295534,4,118,Maggi (Snacks),Snacks,0,0,2024,3,1
2024-03-23,Beverages,1647.0,17.71661636508221,0,Suburban,5,9.006046815113109,9,107,Nescafé (Beverages),Beverages,0,0,2024,3,1
2024-03-24,Beverages,1909.0,10.983263338368165,1,Urban,6,12.512360728615366,7,155,Nescafé (Beverages),Beverages,0,0,2024,3,1
2024-03-25,Snacks,1394.0,5.642458874942857,0,Urban,0,1.6627079737756427,2,349,Maggi (Snacks),Snacks,0,0,2024,3,1
2024-03-27,Beverages,307.0,2.6564098888047925,0,Urban,2,9.63635033949412,5,305,Nescafé (Beverages),Beverages,0,0,2024,3,1
2024-03-28,Beverages,1662.0,14.662471499723257,0,Urban,3,12.515467138715191,3,361,Nescafé (Beverages),Beverages,0,0,2024,3,1
2024-03-31,Beverages,529.0,15.05375471380851,0,Urban,6,14.142762458608464,2,211,Nescafé (Beverages),Beverages,0,0,2024,3,1
2024-04-02,Snacks,1780.0,12.661770957498282,1,Rural,1,13.189437470006704,9,120,Maggi (Snacks),Snacks,0,0,2024,4,2
2024-04-03,Dairy,1728.0,9.274603633565029,1,Suburban,2,14.578633619266968,7,304,Milkmaid (Dairy),Dairy,0,0,2024,4,2
2024-04-04,Beverages,1432.0,11.967744884603649,1,Suburban,3,3.068726086728071,2,423,Nescafé (Beverages),Beverages,0,0,2024,4,2
2024-04-06,Snacks,690.0,16.317721739072027,0,Urban,5,1.0841400222809776,4,372,Maggi (Snacks),Snacks,0,0,2024,4,2
2024-04-08,Snacks,1809.0,5.8255226168684695,0,Rural,0,7.986107838366273,2,52,Maggi (Snacks),Snacks,0,0,2024,4,2
2024-04-09,Beverages,1685.0,1.591196398429796,0,Rural,1,8.919355775689693,4,75,Nescafé (Beverages),Beverages,0,0,2024,4,2
2024-04-11,Dairy,486.0,3.020530798859717,0,Suburban,3,10.247634965765824,2,175,Milkmaid (Dairy),Dairy,0,0,2024,4,2
2024-04-12,Snacks,448.0,6.983472183646385,0,Suburban,4,7.478530292678936,1,457,Maggi (Snacks),Snacks,0,0,2024,4,2
2024-04-13,Beverages,1059.0,1.0725255483625955,1,Urban,5,12.240288025855396,7,102,Nescafé (Beverages),Beverages,0,0,2024,4,2
2024-04-16,Snacks,1951.0,13.450365784141503,1,Urban,1,14.74655844771256,3,237,Maggi (Snacks),Snacks,0,0,2024,4,2
2024-04-17,Snacks,477.0,19.84310972618894,1,Rural,2,1.7489160164233648,6,235,Maggi (Snacks),Snacks,0,0,2024,4,2
2024-04-18,Dairy,998.0,2.380746560590309,0,Suburban,3,12.30860829939704,7,354,Milkmaid (Dairy),Dairy,0,0,2024,4,2
2024-04-19,Dairy,1015.0,2.4644822270777533,0,Suburban,4,4.564853911995481,1,347,Milkmaid (Dairy),Dairy,0,0,2024,4,2
2024-04-22,Beverages,1276.0,5.095067507035305,1,Rural,0,9.837370401990396,6,60,Nescafé (Beverages),Beverages,0,0,2024,4,2
2024-04-23,Beverages,833.0,7.847178578676604,1,Rural,1,6.023801752840388,4,408,Nescafé (Beverages),Beverages,0,0,2024,4,2
2024-04-27,Dairy,1359.0,15.425725928156014,0,Suburban,5,6.05662280623515,7,149,Milkmaid (Dairy),Dairy,0,0,2024,4,2
2024-04-28,Beverages,1975.0,18.168549042589103,1,Urban,6,3.636825275646992,7,153,Nescafé (Beverages),Beverages,0,0,2024,4,2
2024-04-29,Dairy,1863.0,5.422499794924486,1,Suburban,0,6.917371516025823,2,485,Milkmaid (Dairy),Dairy,0,0,2024,4,2
2024-04-30,Dairy,620.0,16.340524576459075,0,Rural,1,1.2012593102073226,1,95,Milkmaid (Dairy),Dairy,0,0,2024,4,2
2024-05-03,Snacks,1055.0,13.3646024036162,1,Rural,4,9.026006719729612,7,230,Maggi (Snacks),Snacks,0,0,2024,5,2
2024-05-06,Dairy,1113.0,4.212540336763858,1,Suburban,0,8.542961859431324,2,304,Milkmaid (Dairy),Dairy,0,0,2024,5,2
2024-05-08,Beverages,216.0,8.210555164119654,1,Rural,2,9.6561524924538,8,429,Nescafé (Beverages),Beverages,0,0,2024,5,2
2024-05-09,Dairy,485.0,5.307877275546702,0,Urban,3,11.87387936158556,1,79,Milkmaid (Dairy),Dairy,0,0,2024,5,2
2024-05-10,Beverages,1467.0,8.250626857476803,1,Suburban,4,9.17916340165752,9,313,Nescafé (Beverages),Beverages,0,0,2024,5,2
2024-05-11,Snacks,683.0,3.4481255280048417,0,Urban,5,6.50504548912716,4,147,Maggi (Snacks),Snacks,0,0,2024,5,2
2024-05-12,Dairy,494.0,8.842461456054494,1,Suburban,6,14.390214968928994,4,362,Milkmaid (Dairy),Dairy,0,0,2024,5,2
2024-05-13,Snacks,1187.0,16.24473225402602,0,Rural,0,8.34615046074325,3,416,Maggi (Snacks),Snacks,0,0,2024,5,2
2024-05-14,Dairy,1840.0,10.102331198963672,1,Rural,1,9.273798018837809,6,378,Milkmaid (Dairy),Dairy,0,0,2024,5,2
2024-05-18,Snacks,373.0,19.35862480342917,1,Urban,5,3.1801567702318616,9,324,Maggi (Snacks),Snacks,0,0,2024,5,2
2024-05-20,Dairy,437.0,14.446078200281756,1,Rural,0,9.26321013586418,7,380,Milkmaid (Dairy),Dairy,0,0,2024,5,2
2024-05-22,Beverages,1618.0,16.694741981664865,1,Rural,2,8.08931987836912,7,433,Nescafé (Beverages),Beverages,0,0,2024,5,2
2024-05-24,Beverages,265.0,16.94975728051457,1,Rural,4,10.164568662049009,8,260,Nescafé (Beverages),Beverages,0,0,2024,5,2
2024-05-26,Beverages,110.0,12.805545447817062,0,Urban,6,6.906588719628342,7,460,Nescafé (Beverages),Beverages,0,0,2024,5,2
2024-05-27,Snacks,1424.0,11.624511329757205,1,Urban,0,2.868817996777093,6,89,Maggi (Snacks),Snacks,0,0,2024,5,2
2024-05-29,Dairy,900.0,11.120841848469544,1,Rural,2,3.433262262793953,4,76,Milkmaid (Dairy),Dairy,0,0,2024,5,2
2024-06-01,Dairy,1515.0,5.150420474782835,1,Urban,5,6.268004893471924,5,433,Milkmaid (Dairy),Dairy,0,0,2024,6,2
2024-06-02,Dairy,878.0,3.284697303721837,1,Rural,6,7.919757983163162,1,483,Milkmaid (Dairy),Dairy,0,0,2024,6,2
2024-06-03,Beverages,313.0,2.298477775112948,0,Suburban,0,7.507767132011716,2,219,Nescafé (Beverages),Beverages,0,0,2024,6,2
2024-06-04,Snacks,1814.0,6.002999891310802,0,Rural,1,6.050369455844088,5,462,Maggi (Snacks),Snacks,0,0,2024,6,2
2024-06-05,Snacks,1211.0,1.8763477223789429,1,Suburban,2,12.667625817025913,3,216,Maggi (Snacks),Snacks,0,0,2024,6,2
2024-06-07,Snacks,500.0,6.392740493446885,0,Urban,4,7.832602784829922,4,218,Maggi (Snacks),Snacks,0,0,2024,6,2
2024-06-09,Snacks,988.0,2.4105765867793423,0,Suburban,6,1.5317573437296912,4,278,Maggi (Snacks),Snacks,0,0,2024,6,2
2024-06-11,Snacks,1795.0,14.874676794712771,1,Rural,1,8.707267160873403,3,416,Maggi (Snacks),Snacks,0,0,2024,6,2
2024-06-13,Beverages,691.0,2.225334153734184,0,Suburban,3,8.589168297071062,9,328,Nescafé (Beverages),Beverages,0,0,2024,6,2
2024-06-15,Beverages,1209.0,17.66797349369741,1,Rural,5,1.2060753017989816,4,75,Nescafé (Beverages),Beverages,0,0,2024,6,2
2024-06-16,Beverages,191.0,7.277752073639703,1,Rural,6,1.9211114293207447,2,401,Nescafé (Beverages),Beverages,0,0,2024,6,2
2024-06-17,Beverages,1783.0,7.467711023641729,0,Rural,0,1.1389549927705305,2,61,Nescafé (Beverages),Beverages,0,0,2024,6,2
2024-06-18,Dairy,772.0,19.791538808653304,1,Suburban,1,3.1865143298363305,5,121,Milkmaid (Dairy),Dairy,0,0,2024,6,2
2024-06-19,Dairy,813.0,12.897347260269626,1,Rural,2,8.348416608654333,7,182,Milkmaid (Dairy),Dairy,0,0,2024,6,2
2024-06-20,Beverages,1035.0,11.095013890793124,0,Rural,3,9.860796630697706,9,155,Nescafé (Beverages),Beverages,0,0,2024,6,2
2024-06-24,Snacks,324.0,6.087756834278349,1,Suburban,0,4.80088099127785,3,331,Maggi (Snacks),Snacks,0,0,2024,6,2
2024-06-26,Dairy,1868.0,11.893637567069142,1,Urban,2,2.9633625616763304,8,71,Milkmaid (Dairy),Dairy,0,0,2024,6,2
2024-06-27,Beverages,688.0,13.51767633266134,1,Urban,3,2.340693999447104,1,318,Nescafé (Beverages),Beverages,0,0,2024,6,2
2024-06-28,Snacks,215.0,5.793837746948725,0,Urban,4,2.2876147998347296,1,461,Maggi (Snacks),Snacks,0,0,2024,6,2
2024-06-30,Dairy,1017.0,10.279117950675836,0,Rural,6,4.064787916154304,5,156,Milkmaid (Dairy),Dairy,0,0,2024,6,2
2024-07-01,Dairy,1226.0,15.01374923276371,0,Rural,0,5.693025889672595,5,328,Milkmaid (Dairy),Dairy,1,0,2024,7,3
2024-07-02,Beverages,293.0,10.979555392883045,0,Suburban,1,14.847827334072676,1,402,Nescafé (Beverages),Beverages,1,0,2024,7,3
2024-07-05,Dairy,189.0,2.2290509767875,0,Rural,4,2.567070047980176,5,291,Milkmaid (Dairy),Dairy,1,0,2024,7,3
2024-07-06,Beverages,1809.0,19.16066519069429,0,Urban,5,6.041022385072255,9,166,Nescafé (Beverages),Beverages,1,0,2024,7,3
2024-07-09,Dairy,1093.0,2.561934210523852,1,Rural,1,0.560717932605389,6,193,Milkmaid (Dairy),Dairy,1,0,2024,7,3
2024-07-13,Dairy,1428.0,7.475498296007085,1,Urban,5,7.599839102464474,1,203,Milkmaid (Dairy),Dairy,1,0,2024,7,3
2024-07-14,Dairy,1995.0,4.131668831588479,0,Rural,6,6.523923508585299,8,225,Milkmaid (Dairy),Dairy,1,0,2024,7,3
2024-07-15,Snacks,416.0,4.24105631958471,0,Rural,0,0.8480731502508885,1,498,Maggi (Snacks),Snacks,1,0,2024,7,3
2024-07-17,Beverages,108.0,9.459676133410976,0,Rural,2,3.067692703260702,4,471,Nescafé (Beverages),Beverages,1,0,2024,7,3
2024-07-19,Snacks,1196.0,13.152505662375956,0,Suburban,4,14.372446291395573,9,418,Maggi (Snacks),Snacks,1,0,2024,7,3
2024-07-20,Beverages,1482.0,13.852100884429452,0,Suburban,5,9.190716013111402,1,183,Nescafé (Beverages),Beverages,1,0,2024,7,3
2024-07-21,Snacks,322.0,3.502175330968732,0,Urban,6,11.065516121430738,7,95,Maggi (Snacks),Snacks,1,0,2024,7,3
2024-07-22,Dairy,1539.0,5.449504489494228,0,Suburban,0,5.072774277358704,5,99,Milkmaid (Dairy),Dairy,1,0,2024,7,3
2024-07-24,Beverages,1493.0,19.44455792302088,1,Urban,2,3.9353979115024895,7,155,Nescafé (Beverages),Beverages,1,0,2024,7,3
2024-07-25,Beverages,815.0,5.990837209374383,1,Suburban,3,1.906002228998659,4,265,Nescafé (Beverages),Beverages,1,0,2024,7,3
2024-07-26,Beverages,1387.0,6.1598065302697576,0,Rural,4,3.095958742902965,4,195,Nescafé (Beverages),Beverages,1,0,2024,7,3
2024-07-27,Beverages,1963.0,9.985045523407193,1,Rural,5,12.063953656799043,6,460,Nescafé (Beverages),Beverages,1,0,2024,7,3
2024-07-28,Beverages,1813.0,19.69296594425332,0,Urban,6,10.32441417516475,6,474,Nescafé (Beverages),Beverages,1,0,2024,7,3
2024-07-29,Snacks,1983.0,6.11021997070295,1,Suburban,0,8.430468701789415,9,121,Maggi (Snacks),Snacks,1,0,2024,7,3
2024-07-31,Dairy,1207.0,17.938120296846627,1,Rural,2,13.875297113013804,8,322,Milkmaid (Dairy),Dairy,1,0,2024,7,3
2024-08-01,Dairy,1441.0,1.055499619805878,1,Suburban,3,1.554656742790692,5,296,Milkmaid (Dairy),Dairy,1,0,2024,8,3
2024-08-02,Dairy,210.0,1.7555533347828214,1,Suburban,4,4.568711791949782,2,495,Milkmaid (Dairy),Dairy,1,0,2024,8,3
2024-08-03,Dairy,350.0,12.477361864353163,0,Rural,5,5.574098876775354,6,462,Milkmaid (Dairy),Dairy,1,0,2024,8,3
2024-08-04,Snacks,482.0,18.24022312954409,1,Rural,6,11.845174277085423,9,235,Maggi (Snacks),Snacks,1,0,2024,8,3
2024-08-07,Beverages,1207.0,9.558840731498549,0,Rural,2,13.177456344987668,1,295,Nescafé (Beverages),Beverages,1,0,2024,8,3
2024-08-09,Dairy,999.0,12.827874218865158,0,Rural,4,3.757532265805616,5,75,Milkmaid (Dairy),Dairy,1,0,2024,8,3
2024-08-12,Beverages,121.0,10.01147998819395,1,Urban,0,14.684199693635096,8,148,Nescafé (Beverages),Beverages,1,0,2024,8,3
2024-08-13,Beverages,509.0,12.226481384149787,1,Suburban,1,3.122932569994026,3,447,Nescafé (Beverages),Beverages,1,0,2024,8,3
2024-08-16,Dairy,1250.0,1.9404402163796657,1,Rural,4,11.097620013754325,7,200,Milkmaid (Dairy),Dairy,1,0,2024,8,3
2024-08-17,Beverages,908.0,16.833024357987238,0,Urban,5,6.590159562287111,4,481,Nescafé (Beverages),Beverages,1,0,2024,8,3
2024-08-19,Snacks,973.0,6.413252409088256,1,Urban,0,12.572870713228902,2,483,Maggi (Snacks),Snacks,1,0,2024,8,3
2024-08-20,Snacks,113.0,9.794187145301162,1,Rural,1,12.16040069226632,5,138,Maggi (Snacks),Snacks,1,0,2024,8,3
2024-08-22,Dairy,1077.0,5.151686852728476,1,Suburban,3,1.3644512174975558,7,262,Milkmaid (Dairy),Dairy,1,0,2024,8,3
2024-08-23,Snacks,1113.0,8.539140094640013,1,Suburban,4,10.5347330190763,7,282,Maggi (Snacks),Snacks,1,0,2024,8,3
2024-08-24,Beverages,1135.0,1.8433676712462344,1,Rural,5,2.5298169624655618,6,443,Nescafé (Beverages),Beverages,1,0,2024,8,3
2024-09-04,Snacks,1479.0,9.561343360679546,1,Rural,2,14.264460040561444,7,235,Maggi (Snacks),Snacks,0,0,2024,9,3
2024-09-05,Dairy,784.0,18.659107194989165,1,Suburban,3,13.25422170232055,6,83,Milkmaid (Dairy),Dairy,0,0,2024,9,3
2024-09-06,Dairy,1856.0,4.138874847419153,0,Suburban,4,13.652108426017817,4,340,Milkmaid (Dairy),Dairy,0,0,2024,9,3
2024-09-07,Dairy,1754.0,8.407574705889338,1,Suburban,5,14.877225249497103,9,279,Milkmaid (Dairy),Dairy,0,0,2024,9,3
2024-09-10,Snacks,387.0,13.74791709010765,0,Suburban,1,10.203675933910567,4,492,Maggi (Snacks),Snacks,0,0,2024,9,3
2024-09-11,Dairy,406.0,5.905291829632215,0,Urban,2,7.5151368279793855,3,375,Milkmaid (Dairy),Dairy,0,0,2024,9,3
2024-09-12,Dairy,1935.0,13.817549205408108,0,Urban,3,6.566648233985836,1,296,Milkmaid (Dairy),Dairy,0,0,2024,9,3
2024-09-15,Dairy,1846.0,19.12662942411577,0,Urban,6,8.84610471528119,2,452,Milkmaid (Dairy),Dairy,0,0,2024,9,3
2024-09-16,Snacks,761.0,14.706475571019478,1,Suburban,0,2.8411385939314813,5,372,Maggi (Snacks),Snacks,0,0,2024,9,3
2024-09-17,Snacks,648.0,17.394729555335836,1,Suburban,1,7.340227644017366,6,259,Maggi (Snacks),Snacks,0,0,2024,9,3
2024-09-18,Dairy,1475.0,1.039973020341785,0,Suburban,2,8.525340755042823,7,152,Milkmaid (Dairy),Dairy,0,0,2024,9,3
2024-09-20,Snacks,972.0,16.762163580439754,1,Rural,4,3.5465542972291013,7,421,Maggi (Snacks),Snacks,0,0,2024,9,3
2024-09-22,Snacks,1766.0,17.560356818476382,0,Suburban,6,0.8653868749055097,8,372,Maggi (Snacks),Snacks,0,0,2024,9,3
2024-09-23,Beverages,1023.0,5.877190337890871,1,Urban,0,5.645061905375859,4,188,Nescafé (Beverages),Beverages,0,0,2024,9,3
2024-09-24,Beverages,1837.0,13.64054993758305,0,Suburban,1,11.813083403766688,6,170,Nescafé (Beverages),Beverages,0,0,2024,9,3
2024-09-26,Dairy,134.0,13.590625748127756,1,Urban,3,4.2868552714074735,5,178,Milkmaid (Dairy),Dairy,0,0,2024,9,3
